,scenario,scenario_renamed
28,1.5ÂḞC,1.5ḞC
49,1.5ÂḞC,1.5ḞC
53,1.5ÂḞC,1.5ḞC
56,1.5ÂḞC,1.5ḞC
59,1.5ÂḞC,1.5ḞC
62,1.5ÂḞC,1.5ḞC
65,1.5ÂḞC,1.5ḞC
68,1.5ÂḞC,1.5ḞC
85,1.5ÂḞC,1.5ḞC
94,1.5ÂḞC,1.5ḞC
108,1.5ÂḞC,1.5ḞC
124,1.5ÂḞC,1.5ḞC
126,1.5ÂḞC,1.5ḞC
129,1.5ÂḞC,1.5ḞC
135,1.5ÂḞC,1.5ḞC
138,1.5ÂḞC,1.5ḞC
141,1.5ÂḞC,1.5ḞC
150,1.5ÂḞC,1.5ḞC
153,1.5ÂḞC,1.5ḞC
160,1.5ÂḞC,1.5ḞC
163,1.5ÂḞC,1.5ḞC
166,1.5ÂḞC,1.5ḞC
169,1.5ÂḞC,1.5ḞC
208,1.5ÂḞC,1.5ḞC
211,1.5ÂḞC,1.5ḞC
223,1.5ÂḞC,1.5ḞC
227,1.5ÂḞC,1.5ḞC
233,1.5ÂḞC,1.5ḞC
248,1.5ÂḞC,1.5ḞC
251,1.5ÂḞC,1.5ḞC
254,1.5ÂḞC,1.5ḞC
269,1.5ÂḞC,1.5ḞC
270,1.5ÂḞC,1.5ḞC
282,1.5ÂḞC,1.5ḞC
285,1.5ÂḞC,1.5ḞC
288,1.5ÂḞC,1.5ḞC
319,1.5ÂḞC,1.5ḞC
322,1.5ÂḞC,1.5ḞC
339,1.5ÂḞC,1.5ḞC
342,1.5ÂḞC,1.5ḞC
345,1.5ÂḞC,1.5ḞC
354,1.5ÂḞC,1.5ḞC
360,1.5ÂḞC,1.5ḞC
382,1.5ÂḞC,1.5ḞC
392,1.5ÂḞC,1.5ḞC
401,1.5ÂḞC,1.5ḞC
404,1.5ÂḞC,1.5ḞC
407,1.5ÂḞC,1.5ḞC
411,1.5ÂḞC,1.5ḞC
417,1.5ÂḞC,1.5ḞC
427,1.5ÂḞC,1.5ḞC
458,1.5ÂḞC,1.5ḞC
461,1.5ÂḞC,1.5ḞC
464,1.5ÂḞC,1.5ḞC
478,1.5ÂḞC,1.5ḞC
511,1.5ÂḞC,1.5ḞC
524,1.5ÂḞC,1.5ḞC
527,1.5ÂḞC,1.5ḞC
560,1.5ÂḞC,1.5ḞC
563,1.5ÂḞC,1.5ḞC
569,1.5ÂḞC,1.5ḞC
578,1.5ÂḞC,1.5ḞC
581,1.5ÂḞC,1.5ḞC
599,1.5ÂḞC,1.5ḞC
602,1.5ÂḞC,1.5ḞC
605,1.5ÂḞC,1.5ḞC
608,1.5ÂḞC,1.5ḞC
610,1.5ÂḞC,1.5ḞC
624,1.5ÂḞC,1.5ḞC
627,1.5ÂḞC,1.5ḞC
631,1.5ÂḞC,1.5ḞC
634,1.5ÂḞC,1.5ḞC
643,1.5ÂḞC,1.5ḞC
650,1.5ÂḞC,1.5ḞC
656,1.5ÂḞC,1.5ḞC
675,1.5ÂḞC,1.5ḞC
684,1.5ÂḞC,1.5ḞC
687,1.5ÂḞC,1.5ḞC
720,1.5ÂḞC,1.5ḞC
723,1.5ÂḞC,1.5ḞC
750,1.5ÂḞC,1.5ḞC
753,1.5ÂḞC,1.5ḞC
756,1.5ÂḞC,1.5ḞC
759,1.5ÂḞC,1.5ḞC
788,1.5ÂḞC,1.5ḞC
791,1.5ÂḞC,1.5ḞC
794,1.5ÂḞC,1.5ḞC
797,1.5ÂḞC,1.5ḞC
803,1.5ÂḞC,1.5ḞC
838,1.5ÂḞC,1.5ḞC
851,1.5ÂḞC,1.5ḞC
854,1.5ÂḞC,1.5ḞC
857,1.5ÂḞC,1.5ḞC
860,1.5ÂḞC,1.5ḞC
863,1.5ÂḞC,1.5ḞC
894,1.5ÂḞC,1.5ḞC
898,1.5ÂḞC,1.5ḞC
902,1.5ÂḞC,1.5ḞC
906,1.5ÂḞC,1.5ḞC
930,1.5ÂḞC,1.5ḞC
933,1.5ÂḞC,1.5ḞC
127,2.0ÂḞC Scenario,2ḞC
459,2.0ÂḞC scenario,2ḞC
50,2ÂḞC,2ḞC
54,2ÂḞC,2ḞC
63,2ÂḞC,2ḞC
66,2ÂḞC,2ḞC
109,2ÂḞC,2ḞC
139,2ÂḞC,2ḞC
142,2ÂḞC,2ḞC
151,2ÂḞC,2ḞC
154,2ÂḞC,2ḞC
161,2ÂḞC,2ḞC
164,2ÂḞC,2ḞC
209,2ÂḞC,2ḞC
212,2ÂḞC,2ḞC
224,2ÂḞC,2ḞC
228,2ÂḞC,2ḞC
234,2ÂḞC,2ḞC
252,2ÂḞC,2ḞC
255,2ÂḞC,2ḞC
320,2ÂḞC,2ḞC
323,2ÂḞC,2ḞC
340,2ÂḞC,2ḞC
343,2ÂḞC,2ḞC
346,2ÂḞC,2ḞC
355,2ÂḞC,2ḞC
393,2ÂḞC,2ḞC
408,2ÂḞC,2ḞC
412,2ÂḞC,2ḞC
418,2ÂḞC,2ḞC
465,2ÂḞC,2ḞC
479,2ÂḞC,2ḞC
525,2ÂḞC,2ḞC
561,2ÂḞC,2ḞC
564,2ÂḞC,2ḞC
582,2ÂḞC,2ḞC
603,2ÂḞC,2ḞC
606,2ÂḞC,2ḞC
609,2ÂḞC,2ḞC
625,2ÂḞC,2ḞC
628,2ÂḞC,2ḞC
644,2ÂḞC,2ḞC
651,2ÂḞC,2ḞC
676,2ÂḞC,2ḞC
721,2ÂḞC,2ḞC
724,2ÂḞC,2ḞC
751,2ÂḞC,2ḞC
754,2ÂḞC,2ḞC
762,2ÂḞC,2ḞC
771,2ÂḞC,2ḞC
795,2ÂḞC,2ḞC
798,2ÂḞC,2ḞC
804,2ÂḞC,2ḞC
839,2ÂḞC,2ḞC
852,2ÂḞC,2ḞC
861,2ÂḞC,2ḞC
899,2ÂḞC,2ḞC
900,2ÂḞC,2ḞC
903,2ÂḞC,2ḞC
907,2ÂḞC,2ḞC
125,3.0ÂḞC scenario,3ḞC
128,3.0ÂḞC Scenario,3ḞC
460,3.0ÂḞC scenario,3ḞC
30,3ÂḞC,3ḞC
51,3ÂḞC,3ḞC
55,3ÂḞC,3ḞC
57,3ÂḞC,3ḞC
58,3ÂḞC,3ḞC
60,3ÂḞC,3ḞC
61,3ÂḞC,3ḞC
67,3ÂḞC,3ḞC
110,3ÂḞC,3ḞC
140,3ÂḞC,3ḞC
143,3ÂḞC,3ḞC
152,3ÂḞC,3ḞC
155,3ÂḞC,3ḞC
162,3ÂḞC,3ḞC
165,3ÂḞC,3ḞC
167,3ÂḞC,3ḞC
168,3ÂḞC,3ḞC
171,3ÂḞC,3ḞC
210,3ÂḞC,3ḞC
213,3ÂḞC,3ḞC
225,3ÂḞC,3ḞC
229,3ÂḞC,3ḞC
235,3ÂḞC,3ḞC
253,3ÂḞC,3ḞC
256,3ÂḞC,3ḞC
321,3ÂḞC,3ḞC
324,3ÂḞC,3ḞC
344,3ÂḞC,3ḞC
347,3ÂḞC,3ḞC
356,3ÂḞC,3ḞC
362,3ÂḞC,3ḞC
384,3ÂḞC,3ḞC
394,3ÂḞC,3ḞC
403,3ÂḞC,3ḞC
410,3ÂḞC,3ḞC
413,3ÂḞC,3ḞC
419,3ÂḞC,3ḞC
429,3ÂḞC,3ḞC
466,3ÂḞC,3ḞC
513,3ÂḞC,3ḞC
526,3ÂḞC,3ḞC
562,3ÂḞC,3ḞC
565,3ÂḞC,3ḞC
571,3ÂḞC,3ḞC
583,3ÂḞC,3ḞC
604,3ÂḞC,3ḞC
607,3ÂḞC,3ḞC
626,3ÂḞC,3ḞC
629,3ÂḞC,3ḞC
645,3ÂḞC,3ḞC
652,3ÂḞC,3ḞC
658,3ÂḞC,3ḞC
722,3ÂḞC,3ḞC
725,3ÂḞC,3ḞC
734,3ÂḞC,3ḞC
755,3ÂḞC,3ḞC
758,3ÂḞC,3ḞC
796,3ÂḞC,3ḞC
799,3ÂḞC,3ḞC
805,3ÂḞC,3ḞC
840,3ÂḞC,3ḞC
853,3ÂḞC,3ḞC
862,3ÂḞC,3ḞC
865,3ÂḞC,3ḞC
868,3ÂḞC,3ḞC
884,3ÂḞC,3ḞC
901,3ÂḞC,3ḞC
908,3ÂḞC,3ḞC
24,4ÂḞC,4ḞC
46,4ÂḞC,4ḞC
96,4ÂḞC,4ḞC
226,4ÂḞC,4ḞC
291,4ÂḞC,4ḞC
366,4ÂḞC,4ḞC
368,4ÂḞC,4ḞC
385,4ÂḞC,4ḞC
387,4ÂḞC,4ḞC
590,4ÂḞC,4ḞC
593,4ÂḞC,4ḞC
612,4ÂḞC,4ḞC
618,4ÂḞC,4ḞC
621,4ÂḞC,4ḞC
659,4ÂḞC,4ḞC
732,4ÂḞC,4ḞC
735,4ÂḞC,4ḞC
737,4ÂḞC,4ḞC
869,4ÂḞC,4ḞC
871,4ÂḞC,4ḞC
877,4ÂḞC,4ḞC
885,4ÂḞC,4ḞC
915,4ÂḞC,4ḞC
447,Adaptive Evolution,Adaptive Evolution
450,Adaptive Evolution,Adaptive Evolution
552,Ambitious,Ambitious
306,Australia's Long-Term Emissions Reduction Plan: The Plan scenario,Australia's Long-Term Emissions Reduction Plan: The Plan scenario
630,Baseline (1.1ÂḞC),Baseline (1.1ḞC)
633,Baseline (1.1ÂḞC),Baseline (1.1ḞC)
123,Baseline: 1.1ÂḞC of global warming,Baseline (1.1ḞC)
325,Baseline (Transition),Baseline (Transition)
332,Baseline (Transition),Baseline (Transition)
517,Baseline scenario,Baseline scenario
939,BEC Kea,BEC Kea
940,BusinessNZ Energy Council TÅḋÄḋ,BEC Tui
400,Business as Usual,Business as Usual
477,Bypass to Breakdown,Bypass to Breakdown
198,Transport Sector: Bypass to Breakdown,Bypass to Breakdown
439,CCC Further Technology Change,CCC Further Technology Change
80,CCC Headwinds,CCC Headwinds
121,CCC Headwinds,CCC Headwinds
191,CCC Headwinds,CCC Headwinds
304,CCC Headwinds,CCC Headwinds
440,CCC Headwinds,CCC Headwinds
549,CCC Headwinds,CCC Headwinds
79,CCC Tailwinds,CCC Tailwinds
100,CCC Tailwinds scenario [used as reference scenario for Power generation and Residential real estate targets],CCC Tailwinds
190,CCC Tailwinds,CCC Tailwinds
438,CCC Tailwinds,CCC Tailwinds
548,CCC Tailwinds,CCC Tailwinds
817,CCC Tailwinds,CCC Tailwinds
303,CCC 'Tailwinds',CCC Tailwinds
120,Tailwinds (CCC),CCC Tailwinds
236,Coordinated Decarbonisation,Coordinated Decarbonisation
239,Coordinated Decarbonisation,Coordinated Decarbonisation
202,Co-ordinated Decarbonisation,Co-ordinated Decarbonisation
205,Co-ordinated Decarbonisation,Co-ordinated Decarbonisation
278,Coordinated transformation,Coordinated transformation
832,Current Commitments,Current Commitments
2,Current Policies,Current Policies
14,Current Policies,Current Policies
17,Current Policies,Current Policies
72,Current Policies,Current Policies
104,Current Policies,Current Policies
113,Current Policies,Current Policies
116,Current Policies,Current Policies
158,Current Policies,Current Policies
183,Current Policies,Current Policies
216,Current Policies,Current Policies
219,Current Policies,Current Policies
259,Current Policies,Current Policies
268,Current Policies,Current Policies
271,Current Policies,Current Policies
293,Current Policies,Current Policies
312,Current Policies,Current Policies
315,Current Policies,Current Policies
352,Current Policies,Current Policies
374,Current Policies,Current Policies
422,Current Policies,Current Policies
445,Current Policies,Current Policies
454,Current Policies,Current Policies
457,Current Policies,Current Policies
480,Current Policies,Current Policies
490,Current Policies,Current Policies
510,Current Policies,Current Policies
541,Current Policies,Current Policies
613,Current Policies,Current Policies
662,Current Policies,Current Policies
665,Current Policies,Current Policies
671,Current Policies,Current Policies
674,Current Policies,Current Policies
677,Current Policies,Current Policies
692,Current Policies,Current Policies
701,Current Policies,Current Policies
704,Current Policies,Current Policies
707,Current Policies,Current Policies
749,Current Policies,Current Policies
765,Current Policies,Current Policies
774,Current Policies,Current Policies
827,Current Policies,Current Policies
837,Current Policies,Current Policies
850,Current Policies,Current Policies
887,Current Policies,Current Policies
911,Current Policies,Current Policies
914,Current Policies,Current Policies
917,Current Policies,Current Policies
920,Current Policies,Current Policies
938,Current Policies,Current Policies
81,Current Policies / NDC,Current Policies
122,Current Policies / NDC,Current Policies
192,Current Policies / NDC,Current Policies
305,Current Policies / NDC,Current Policies
351,Current Policies / NDC,Current Policies
441,Current Policies / NDC,Current Policies
540,Current Policies / NDC,Current Policies
550,Current Policies / NDC,Current Policies
818,Current Policies / NDC,Current Policies
897,Current trajectory (>3.0ÂḞC future),Current Policies
326,Decisive & Decisive,Decisive & Decisive
333,Decisive & Decisive,Decisive & Decisive
280,Delayed Transition,Delayed Transition
327,Delayed Transition,Delayed Transition
334,Delayed Transition,Delayed Transition
443,Delayed Transition,Delayed Transition
488,Delayed Transition,Delayed Transition
509,Delayed Transition,Delayed Transition
611,Delayed Transition,Delayed Transition
833,Delayed Transition,Delayed Transition
896,Delayed Transition,Delayed Transition
919,Delayed Transition,Delayed Transition
937,Delayed Transition,Delayed Transition
642,Disorderly Transition,Disorderly Transition
834,Downside Physical Risk,Downside Physical Risk
199,Energy Sector: Coordinated Effort,Coordinated Effort
276,Energy transformation,Energy transformation
29,Fragmented World,Fragmented World
215,Fragmented World,Fragmented World
237,Fragmented World,Fragmented World
240,Fragmented World,Fragmented World
849,Fragmented World,Fragmented World
475,Fully Charged,Fully Charged
196,Transport Sector: Fully Charged,Fully Charged
275,Green Taper,Green Taper
279,Green Taper,Green Taper
653,High scenario,High scenario
655,High scenario,High scenario
11,Hothouse World,Hothouse World
20,Hothouse World,Hothouse World
42,Hothouse World,Hothouse World
43,Hothouse World,Hothouse World
90,Hothouse World,Hothouse World
93,Hothouse World,Hothouse World
131,Hothouse World,Hothouse World
145,Hothouse World,Hothouse World
148,Hothouse World,Hothouse World
174,Hothouse World,Hothouse World
177,Hothouse World,Hothouse World
195,Hothouse World,Hothouse World
201,Hothouse World,Hothouse World
204,Hothouse World,Hothouse World
207,Hothouse World,Hothouse World
238,Hothouse World,Hothouse World
241,Hothouse World,Hothouse World
244,Hothouse World,Hothouse World
262,Hothouse World,Hothouse World
265,Hothouse World,Hothouse World
277,Hothouse World,Hothouse World
281,Hothouse World,Hothouse World
284,Hothouse World,Hothouse World
287,Hothouse World,Hothouse World
290,Hothouse World,Hothouse World
296,Hothouse World,Hothouse World
299,Hothouse World,Hothouse World
341,Hothouse World,Hothouse World
359,Hothouse World,Hothouse World
365,Hothouse World,Hothouse World
397,Hothouse World,Hothouse World
406,Hothouse World,Hothouse World
448,Hothouse World,Hothouse World
451,Hothouse World,Hothouse World
463,Hothouse World,Hothouse World
499,Hothouse World,Hothouse World
502,Hothouse World,Hothouse World
532,Hothouse World,Hothouse World
538,Hothouse World,Hothouse World
551,Hothouse World,Hothouse World
580,Hothouse World,Hothouse World
586,Hothouse World,Hothouse World
589,Hothouse World,Hothouse World
592,Hothouse World,Hothouse World
598,Hothouse World,Hothouse World
601,Hothouse World,Hothouse World
620,Hothouse World,Hothouse World
623,Hothouse World,Hothouse World
632,Hothouse World,Hothouse World
635,Hothouse World,Hothouse World
686,Hothouse World,Hothouse World
710,Hothouse World,Hothouse World
713,Hothouse World,Hothouse World
716,Hothouse World,Hothouse World
719,Hothouse World,Hothouse World
728,Hothouse World,Hothouse World
730,Hothouse World,Hothouse World
752,Hothouse World,Hothouse World
761,Hothouse World,Hothouse World
766,Hothouse World,Hothouse World
775,Hothouse World,Hothouse World
802,Hothouse World,Hothouse World
808,Hothouse World,Hothouse World
811,Hothouse World,Hothouse World
824,Hothouse World,Hothouse World
843,Hothouse World,Hothouse World
846,Hothouse World,Hothouse World
890,Hothouse World,Hothouse World
893,Hothouse World,Hothouse World
923,Hothouse World,Hothouse World
926,Hothouse World,Hothouse World
929,Hothouse World,Hothouse World
932,Hothouse World,Hothouse World
935,Hothouse World,Hothouse World
69,IEA Announced Pledges,IEA APS
106,IEA Announced Pledges,IEA APS
353,IEA Announced Pledges,IEA APS
647,IEA Announced Pledges,IEA APS
543,IEA APS,IEA APS
101,IEA NZE 2050 [used as reference scenario for Oil and Gas target],IEA NZE
819,IEA: NZE,IEA NZE
185,IEA Sustainable Development Scenario (SDS),IEA SDS
820,IEA: SDS,IEA SDS
186,IEA Stated Policies Scenario (STEPS),IEA STEPS
544,IEA STEPS,IEA STEPS
350,IEA STEPS (Stated Policies Scenario),IEA STEPS
414,IEA STEPS (Stated Policies Scenario),IEA STEPS
107,IEA STEPS (Stated Policies Scenario) â referenced in scenario dataset,IEA STEPS
821,IEA: STEPS,IEA STEPS
668,Mako 2050 (Intense and severe outcomes),Mako 2050
520,Mako 2050 â Intense and severe outcomes,Mako 2050
516,Mako 2050 'Intense and Severe Outcomes',Mako 2050
426,3+ Degree Warming Scenario (Maroon Scenario),Maroon Scenario
430,Maroon Scenario (3+ÂḞC),Maroon Scenario (3+ḞC)
685,Middle of the Road (2.5ÂḞC),Middle of the Road (2.5ḞC)
654,Moderate scenario (carbon pricing/UCC),Moderate scenario (carbon pricing/UCC)
0,Net Zero,Net Zero
70,Net Zero,Net Zero
102,Net Zero,Net Zero
103,Net Zero,Net Zero
105,Net Zero,Net Zero
111,Net Zero,Net Zero
114,Net Zero,Net Zero
156,Net Zero,Net Zero
181,Net Zero,Net Zero
184,Net Zero,Net Zero
214,Net Zero,Net Zero
217,Net Zero,Net Zero
257,Net Zero,Net Zero
266,Net Zero,Net Zero
310,Net Zero,Net Zero
313,Net Zero,Net Zero
348,Net Zero,Net Zero
349,Net Zero,Net Zero
372,Net Zero,Net Zero
415,Net Zero,Net Zero
416,Net Zero,Net Zero
420,Net Zero,Net Zero
442,Net Zero,Net Zero
446,Net Zero,Net Zero
449,Net Zero,Net Zero
452,Net Zero,Net Zero
455,Net Zero,Net Zero
486,Net Zero,Net Zero
508,Net Zero,Net Zero
539,Net Zero,Net Zero
542,Net Zero,Net Zero
646,Net Zero,Net Zero
660,Net Zero,Net Zero
663,Net Zero,Net Zero
667,Net Zero,Net Zero
669,Net Zero,Net Zero
672,Net Zero,Net Zero
690,Net Zero,Net Zero
699,Net Zero,Net Zero
702,Net Zero,Net Zero
705,Net Zero,Net Zero
708,Net Zero,Net Zero
711,Net Zero,Net Zero
747,Net Zero,Net Zero
764,Net Zero,Net Zero
770,Net Zero,Net Zero
773,Net Zero,Net Zero
831,Net Zero,Net Zero
835,Net Zero,Net Zero
847,Net Zero,Net Zero
866,Net Zero,Net Zero
876,Net Zero,Net Zero
909,Net Zero,Net Zero
912,Net Zero,Net Zero
918,Net Zero,Net Zero
936,Net Zero,Net Zero
487,NGFS â Highway to Paris,NGFS Highway to Paris
444,NGFS Nationally Determined Contributions,NGFS Nationally Determined Contributions
489,NGFS â Sudden wake-up call,NGFS Sudden wake-up call
872,NIWA RCP 1.9,NIWA RCP 1.9
388,NIWA RCP1.9,NIWA RCP1.9
1,Orderly Transition,Orderly Transition
9,Orderly Transition,Orderly Transition
10,Orderly Transition,Orderly Transition
12,Orderly Transition,Orderly Transition
13,Orderly Transition,Orderly Transition
15,Orderly Transition,Orderly Transition
16,Orderly Transition,Orderly Transition
18,Orderly Transition,Orderly Transition
19,Orderly Transition,Orderly Transition
40,Orderly Transition,Orderly Transition
41,Orderly Transition,Orderly Transition
44,Orderly Transition,Orderly Transition
45,Orderly Transition,Orderly Transition
71,Orderly Transition,Orderly Transition
88,Orderly Transition,Orderly Transition
89,Orderly Transition,Orderly Transition
91,Orderly Transition,Orderly Transition
92,Orderly Transition,Orderly Transition
112,Orderly Transition,Orderly Transition
115,Orderly Transition,Orderly Transition
130,Orderly Transition,Orderly Transition
144,Orderly Transition,Orderly Transition
146,Orderly Transition,Orderly Transition
147,Orderly Transition,Orderly Transition
149,Orderly Transition,Orderly Transition
157,Orderly Transition,Orderly Transition
170,Orderly Transition,Orderly Transition
172,Orderly Transition,Orderly Transition
173,Orderly Transition,Orderly Transition
175,Orderly Transition,Orderly Transition
176,Orderly Transition,Orderly Transition
182,Orderly Transition,Orderly Transition
193,Orderly Transition,Orderly Transition
194,Orderly Transition,Orderly Transition
203,Orderly Transition,Orderly Transition
206,Orderly Transition,Orderly Transition
218,Orderly Transition,Orderly Transition
242,Orderly Transition,Orderly Transition
258,Orderly Transition,Orderly Transition
260,Orderly Transition,Orderly Transition
261,Orderly Transition,Orderly Transition
263,Orderly Transition,Orderly Transition
264,Orderly Transition,Orderly Transition
267,Orderly Transition,Orderly Transition
283,Orderly Transition,Orderly Transition
286,Orderly Transition,Orderly Transition
289,Orderly Transition,Orderly Transition
292,Orderly Transition,Orderly Transition
294,Orderly Transition,Orderly Transition
297,Orderly Transition,Orderly Transition
311,Orderly Transition,Orderly Transition
314,Orderly Transition,Orderly Transition
357,Orderly Transition,Orderly Transition
358,Orderly Transition,Orderly Transition
363,Orderly Transition,Orderly Transition
383,Orderly Transition,Orderly Transition
398,Orderly Transition,Orderly Transition
399,Orderly Transition,Orderly Transition
402,Orderly Transition,Orderly Transition
405,Orderly Transition,Orderly Transition
421,Orderly Transition,Orderly Transition
423,Orderly Transition,Orderly Transition
424,Orderly Transition,Orderly Transition
425,Orderly Transition,Orderly Transition
453,Orderly Transition,Orderly Transition
456,Orderly Transition,Orderly Transition
462,Orderly Transition,Orderly Transition
474,Orderly Transition,Orderly Transition
497,Orderly Transition,Orderly Transition
500,Orderly Transition,Orderly Transition
514,Orderly Transition,Orderly Transition
515,Orderly Transition,Orderly Transition
518,Orderly Transition,Orderly Transition
519,Orderly Transition,Orderly Transition
530,Orderly Transition,Orderly Transition
536,Orderly Transition,Orderly Transition
570,Orderly Transition,Orderly Transition
584,Orderly Transition,Orderly Transition
585,Orderly Transition,Orderly Transition
587,Orderly Transition,Orderly Transition
588,Orderly Transition,Orderly Transition
591,Orderly Transition,Orderly Transition
596,Orderly Transition,Orderly Transition
597,Orderly Transition,Orderly Transition
600,Orderly Transition,Orderly Transition
619,Orderly Transition,Orderly Transition
622,Orderly Transition,Orderly Transition
661,Orderly Transition,Orderly Transition
664,Orderly Transition,Orderly Transition
666,Orderly Transition,Orderly Transition
670,Orderly Transition,Orderly Transition
673,Orderly Transition,Orderly Transition
703,Orderly Transition,Orderly Transition
706,Orderly Transition,Orderly Transition
709,Orderly Transition,Orderly Transition
712,Orderly Transition,Orderly Transition
714,Orderly Transition,Orderly Transition
717,Orderly Transition,Orderly Transition
726,Orderly Transition,Orderly Transition
727,Orderly Transition,Orderly Transition
729,Orderly Transition,Orderly Transition
731,Orderly Transition,Orderly Transition
733,Orderly Transition,Orderly Transition
748,Orderly Transition,Orderly Transition
757,Orderly Transition,Orderly Transition
760,Orderly Transition,Orderly Transition
763,Orderly Transition,Orderly Transition
772,Orderly Transition,Orderly Transition
800,Orderly Transition,Orderly Transition
806,Orderly Transition,Orderly Transition
807,Orderly Transition,Orderly Transition
809,Orderly Transition,Orderly Transition
810,Orderly Transition,Orderly Transition
822,Orderly Transition,Orderly Transition
823,Orderly Transition,Orderly Transition
825,Orderly Transition,Orderly Transition
826,Orderly Transition,Orderly Transition
836,Orderly Transition,Orderly Transition
841,Orderly Transition,Orderly Transition
842,Orderly Transition,Orderly Transition
844,Orderly Transition,Orderly Transition
845,Orderly Transition,Orderly Transition
848,Orderly Transition,Orderly Transition
867,Orderly Transition,Orderly Transition
878,Orderly Transition,Orderly Transition
879,Orderly Transition,Orderly Transition
880,Orderly Transition,Orderly Transition
883,Orderly Transition,Orderly Transition
888,Orderly Transition,Orderly Transition
889,Orderly Transition,Orderly Transition
891,Orderly Transition,Orderly Transition
892,Orderly Transition,Orderly Transition
910,Orderly Transition,Orderly Transition
913,Orderly Transition,Orderly Transition
916,Orderly Transition,Orderly Transition
921,Orderly Transition,Orderly Transition
922,Orderly Transition,Orderly Transition
924,Orderly Transition,Orderly Transition
925,Orderly Transition,Orderly Transition
927,Orderly Transition,Orderly Transition
931,Orderly Transition,Orderly Transition
934,Orderly Transition,Orderly Transition
428,Purple Scenario (2.5ÂḞC),Purple Scenario (2.5ḞC)
640,Rapid Transition,Rapid Transition
738,RCP 1.9,RCP 1.9
812,RCP 1.9,RCP 1.9
616,RCP 6,RCP 6
31,RCP2.6,RCP2.6
37,RCP2.6,RCP2.6
38,RCP2.6,RCP2.6
73,RCP2.6,RCP2.6
118,RCP2.6,RCP2.6
132,RCP2.6,RCP2.6
187,RCP2.6,RCP2.6
220,RCP2.6,RCP2.6
230,RCP2.6,RCP2.6
273,RCP2.6,RCP2.6
308,RCP2.6,RCP2.6
361,RCP2.6,RCP2.6
389,RCP2.6,RCP2.6
435,RCP2.6,RCP2.6
471,RCP2.6,RCP2.6
494,RCP2.6,RCP2.6
521,RCP2.6,RCP2.6
545,RCP2.6,RCP2.6
554,RCP2.6,RCP2.6
566,RCP2.6,RCP2.6
572,RCP2.6,RCP2.6
575,RCP2.6,RCP2.6
614,RCP2.6,RCP2.6
678,RCP2.6,RCP2.6
696,RCP2.6,RCP2.6
739,RCP2.6,RCP2.6
744,RCP2.6,RCP2.6
767,RCP2.6,RCP2.6
779,RCP2.6,RCP2.6
785,RCP2.6,RCP2.6
813,RCP2.6,RCP2.6
873,RCP2.6,RCP2.6
882,RCP2.6,RCP2.6
32,RCP4.5,RCP4.5
74,RCP4.5,RCP4.5
133,RCP4.5,RCP4.5
188,RCP4.5,RCP4.5
221,RCP4.5,RCP4.5
231,RCP4.5,RCP4.5
307,RCP4.5,RCP4.5
390,RCP4.5,RCP4.5
436,RCP4.5,RCP4.5
472,RCP4.5,RCP4.5
495,RCP4.5,RCP4.5
503,RCP4.5,RCP4.5
522,RCP4.5,RCP4.5
546,RCP4.5,RCP4.5
555,RCP4.5,RCP4.5
567,RCP4.5,RCP4.5
615,RCP4.5,RCP4.5
679,RCP4.5,RCP4.5
688,RCP4.5,RCP4.5
697,RCP4.5,RCP4.5
745,RCP4.5,RCP4.5
768,RCP4.5,RCP4.5
776,RCP4.5,RCP4.5
786,RCP4.5,RCP4.5
789,RCP4.5,RCP4.5
792,RCP4.5,RCP4.5
829,RCP4.5,RCP4.5
855,RCP4.5,RCP4.5
858,RCP4.5,RCP4.5
874,RCP4.5,RCP4.5
64,RCP6.0,RCP6.0
573,RCP6.0,RCP6.0
576,RCP6.0,RCP6.0
904,RCP6.0,RCP6.0
33,RCP8.5,RCP8.5
39,RCP8.5,RCP8.5
75,RCP8.5,RCP8.5
134,RCP8.5,RCP8.5
189,RCP8.5,RCP8.5
222,RCP8.5,RCP8.5
232,RCP8.5,RCP8.5
274,RCP8.5,RCP8.5
309,RCP8.5,RCP8.5
391,RCP8.5,RCP8.5
437,RCP8.5,RCP8.5
473,RCP8.5,RCP8.5
496,RCP8.5,RCP8.5
504,RCP8.5,RCP8.5
523,RCP8.5,RCP8.5
547,RCP8.5,RCP8.5
556,RCP8.5,RCP8.5
568,RCP8.5,RCP8.5
574,RCP8.5,RCP8.5
577,RCP8.5,RCP8.5
617,RCP8.5,RCP8.5
680,RCP8.5,RCP8.5
698,RCP8.5,RCP8.5
740,RCP8.5,RCP8.5
746,RCP8.5,RCP8.5
769,RCP8.5,RCP8.5
777,RCP8.5,RCP8.5
780,RCP8.5,RCP8.5
787,RCP8.5,RCP8.5
790,RCP8.5,RCP8.5
793,RCP8.5,RCP8.5
814,RCP8.5,RCP8.5
856,RCP8.5,RCP8.5
859,RCP8.5,RCP8.5
875,RCP8.5,RCP8.5
886,RCP8.5,RCP8.5
905,RCP8.5,RCP8.5
895,Required action (2.0ÂḞC future),Required action (2.0ḞC future)
395,Sharp Corrections,Sharp Corrections
476,Short Detour,Short Detour
197,Transport Sector: Short Detour,Short Detour
200,Slow Followers,Slow Followers
396,Slow Followers,Slow Followers
409,Slow Followers,Slow Followers
82,SPANZ Scenario,SPANZ Scenario
83,SPANZ Scenario,SPANZ Scenario
84,SPANZ Scenario,SPANZ Scenario
375,SPANZ Scenario,SPANZ Scenario
376,SPANZ Scenario,SPANZ Scenario
377,SPANZ Scenario,SPANZ Scenario
76,SSP1,SSP1
245,SSP1,SSP1
272,SSP1,SSP1
648,SSP1,SSP1
736,SSP1,SSP1
815,SSP1,SSP1
828,SSP1,SSP1
6,SSP1-1.9,SSP1-1.9
21,SSP1-1.9,SSP1-1.9
34,SSP1-1.9,SSP1-1.9
117,SSP1-1.9,SSP1-1.9
300,SSP1-1.9,SSP1-1.9
316,SSP1-1.9,SSP1-1.9
369,SSP1-1.9,SSP1-1.9
431,SSP1-1.9,SSP1-1.9
467,SSP1-1.9,SSP1-1.9
481,SSP1-1.9,SSP1-1.9
505,SSP1-1.9,SSP1-1.9
533,SSP1-1.9,SSP1-1.9
636,SSP1-1.9,SSP1-1.9
681,SSP1-1.9,SSP1-1.9
693,SSP1-1.9,SSP1-1.9
778,SSP1-1.9,SSP1-1.9
781,SSP1-1.9,SSP1-1.9
3,SSP1-2.6,SSP1-2.6
97,SSP1-2.6,SSP1-2.6
178,SSP1-2.6,SSP1-2.6
329,SSP1-2.6,SSP1-2.6
336,SSP1-2.6,SSP1-2.6
378,SSP1-2.6,SSP1-2.6
386,SSP1-2.6,SSP1-2.6
468,SSP1-2.6,SSP1-2.6
482,SSP1-2.6,SSP1-2.6
491,SSP1-2.6,SSP1-2.6
557,SSP1-2.6,SSP1-2.6
639,SSP1-2.6,SSP1-2.6
657,SSP1-2.6,SSP1-2.6
741,SSP1-2.6,SSP1-2.6
782,SSP1-2.6,SSP1-2.6
870,SSP1-2.6,SSP1-2.6
881,SSP1-2.6,SSP1-2.6
77,SSP2,SSP2
136,SSP2,SSP2
246,SSP2,SSP2
249,SSP2,SSP2
4,SSP2-4.5,SSP2-4.5
7,SSP2-4.5,SSP2-4.5
22,SSP2-4.5,SSP2-4.5
25,SSP2-4.5,SSP2-4.5
26,SSP2-4.5,SSP2-4.5
35,SSP2-4.5,SSP2-4.5
47,SSP2-4.5,SSP2-4.5
86,SSP2-4.5,SSP2-4.5
95,SSP2-4.5,SSP2-4.5
98,SSP2-4.5,SSP2-4.5
159,SSP2-4.5,SSP2-4.5
179,SSP2-4.5,SSP2-4.5
301,SSP2-4.5,SSP2-4.5
317,SSP2-4.5,SSP2-4.5
330,SSP2-4.5,SSP2-4.5
337,SSP2-4.5,SSP2-4.5
370,SSP2-4.5,SSP2-4.5
379,SSP2-4.5,SSP2-4.5
433,SSP2-4.5,SSP2-4.5
469,SSP2-4.5,SSP2-4.5
483,SSP2-4.5,SSP2-4.5
492,SSP2-4.5,SSP2-4.5
506,SSP2-4.5,SSP2-4.5
512,SSP2-4.5,SSP2-4.5
534,SSP2-4.5,SSP2-4.5
558,SSP2-4.5,SSP2-4.5
594,SSP2-4.5,SSP2-4.5
637,SSP2-4.5,SSP2-4.5
682,SSP2-4.5,SSP2-4.5
694,SSP2-4.5,SSP2-4.5
742,SSP2-4.5,SSP2-4.5
783,SSP2-4.5,SSP2-4.5
48,SSP3,SSP3
78,SSP3,SSP3
137,SSP3,SSP3
247,SSP3,SSP3
250,SSP3,SSP3
649,SSP3,SSP3
689,SSP3,SSP3
830,SSP3,SSP3
5,SSP3-7.0,SSP3-7.0
8,SSP3-7.0,SSP3-7.0
23,SSP3-7.0,SSP3-7.0
27,SSP3-7.0,SSP3-7.0
36,SSP3-7.0,SSP3-7.0
87,SSP3-7.0,SSP3-7.0
119,SSP3-7.0,SSP3-7.0
180,SSP3-7.0,SSP3-7.0
318,SSP3-7.0,SSP3-7.0
380,SSP3-7.0,SSP3-7.0
434,SSP3-7.0,SSP3-7.0
484,SSP3-7.0,SSP3-7.0
493,SSP3-7.0,SSP3-7.0
595,SSP3-7.0,SSP3-7.0
683,SSP3-7.0,SSP3-7.0
695,SSP3-7.0,SSP3-7.0
432,SSP4-3.4,SSP4-3.4
816,SSP5,SSP5
99,SSP5-8.5,SSP5-8.5
302,SSP5-8.5,SSP5-8.5
331,SSP5-8.5,SSP5-8.5
338,SSP5-8.5,SSP5-8.5
371,SSP5-8.5,SSP5-8.5
381,SSP5-8.5,SSP5-8.5
470,SSP5-8.5,SSP5-8.5
485,SSP5-8.5,SSP5-8.5
507,SSP5-8.5,SSP5-8.5
535,SSP5-8.5,SSP5-8.5
559,SSP5-8.5,SSP5-8.5
638,SSP5-8.5,SSP5-8.5
743,SSP5-8.5,SSP5-8.5
784,SSP5-8.5,SSP5-8.5
641,Status Quo,Status Quo
528,TÅḋ-Ä-hopo 2.0ÂḞC,TÅḋ-Ä-hopo 2.0ḞC
529,TÅḋ-Ä-tapape 3.0ÂḞC,TÅḋ-Ä-tapape 3.0ḞC
52,"Too Little, Too late","Too Little, Too late"
243,"Too Little, Too late","Too Little, Too late"
295,"Too Little, Too late","Too Little, Too late"
298,"Too Little, Too late","Too Little, Too late"
328,"Too Little, Too late","Too Little, Too late"
335,"Too Little, Too late","Too Little, Too late"
364,"Too Little, Too late","Too Little, Too late"
367,"Too Little, Too late","Too Little, Too late"
373,"Too Little, Too late","Too Little, Too late"
498,"Too Little, Too late","Too Little, Too late"
501,"Too Little, Too late","Too Little, Too late"
531,"Too Little, Too late","Too Little, Too late"
537,"Too Little, Too late","Too Little, Too late"
553,"Too Little, Too late","Too Little, Too late"
579,"Too Little, Too late","Too Little, Too late"
691,"Too Little, Too late","Too Little, Too late"
700,"Too Little, Too late","Too Little, Too late"
715,"Too Little, Too late","Too Little, Too late"
718,"Too Little, Too late","Too Little, Too late"
801,"Too Little, Too late","Too Little, Too late"
864,"Too Little, Too late","Too Little, Too late"
928,"Too Little, Too late","Too Little, Too late"
