,Unnamed: 0,Company Name,PeriodText,Type,Investment Scheme Name,status,period_year,Company_Scheme,PeriodDate,Analysed_2024,Status,Cohort,pdf_files,pdf_count,no_pdf,Industry,Types,FinalInclusion
0,0,AA INSURANCE LIMITED,30-06-2025 - Select to view climate statement documents,Normal companies,,Have records and have submitted,2025,AA INSURANCE LIMITED,2025-06-30,,Submitted,FY24/25,AA Insurance 2025 Climate Statement FINAL SIGNED.pdf,2,0,Finance - Insurance,Normal companies,1.0
2,1,AA INSURANCE LIMITED,30-06-2024 - Select to view climate statement documents,Normal companies,,Have records and have submitted,2024,AA INSURANCE LIMITED,2024-06-30,,Submitted,FY23/24,AA Insurance 2024 Climate Statements.pdf,1,0,Finance - Insurance,Normal companies,1.0
3,2,AFT PHARMACEUTICALS LIMITED,31-03-2024 - Select to view climate statement documents,Normal companies,,Have records and have submitted,2024,AFT PHARMACEUTICALS LIMITED,2024-03-31,,Submitted,FY23/24,240523 FY2024 Annual Report.pdf,2,0,Pharmaceuticals,Normal companies,1.0
5,3,AFT PHARMACEUTICALS LIMITED,31-03-2025 - Select to view climate statement documents,Normal companies,,Have records and have submitted,2025,AFT PHARMACEUTICALS LIMITED,2025-03-31,,Submitted,FY24/25,250522 AFT FY25 Annual Report.pdf,1,0,Pharmaceuticals,Normal companies,1.0
6,5,AIA NEW ZEALAND LIMITED,31-12-2024 - Select to view climate statement documents,Normal companies,,Have records and have submitted,2024,AIA NEW ZEALAND LIMITED,2024-12-31,,Submitted,FY24/25,AIA NZ Group Annual Report Dec-2024 FINAL_stamped.pdf,1,0,Finance - Insurance,Normal companies,1.0
7,6,AIA NEW ZEALAND LIMITED,31-12-2023 - Click to view Climate Statement/s,Normal companies,,Have records and have submitted,2023,AIA NEW ZEALAND LIMITED,2023-12-31,1.0,Submitted,FY23/24,AIA NZ Climate Related Disclosers Report FINAL_signed.pdf,1,0,Finance - Insurance,Normal companies,1.0
10,9,AIG INSURANCE NEW ZEALAND LIMITED,31-12-2024 - Select to view climate statement documents,Normal companies,,Have records and have submitted,2024,AIG INSURANCE NEW ZEALAND LIMITED,2024-12-31,,Submitted,FY24/25,AIG Insurance New Zealand Limited Climate Statement 2024.pdf,3,0,Finance - Insurance,Normal companies,1.0
13,10,AIR NEW ZEALAND LIMITED,30-06-2024 - Select to view climate statement documents,Normal companies,,Have records and have submitted,2024,AIR NEW ZEALAND LIMITED,2024-06-30,,Submitted,FY23/24,2024 Air New Zealand CLIMATE STATEMENT updated with signatures 9 Oct 24.pdf,1,0,Airport,Normal companies,1.0
14,11,AIR NEW ZEALAND LIMITED,30-06-2025 - Select to view climate statement documents,Normal companies,,Have records and have submitted,2025,AIR NEW ZEALAND LIMITED,2025-06-30,,Submitted,FY24/25,airnz-2025-climate-statement.pdf,1,0,Airport,Normal companies,1.0
15,12,ANZ BANK NEW ZEALAND LIMITED,30-09-2024 - Select to view climate statement documents,Normal companies,,Have records and have submitted,2024,ANZ BANK NEW ZEALAND LIMITED,2024-09-30,,Submitted,FY24/25,ANZBankNZCRDFY24.pdf,1,0,Finance - Banks,Normal companies,1.0
18,15,ANZ GROUP HOLDINGS LIMITED,30-09-2024 - Select to view climate statement documents,Normal companies,,Have records and have submitted,2024,ANZ GROUP HOLDINGS LIMITED,2024-09-30,,Submitted,FY24/25,Notice to RoFSP - FY24 CRD.pdf,1,0,Finance - Banks,Normal companies,1.0
20,17,ARBORGEN HOLDINGS LIMITED,31-03-2024 - Select to view climate statement documents,Normal companies,,Have records and have submitted,2024,ARBORGEN HOLDINGS LIMITED,2024-03-31,,Submitted,FY23/24,24-07-30 ArborGen Holdings Limited Climate Statements for FY24.pdf,1,0,Agriculture,Normal companies,1.0
21,19,ARBORGEN HOLDINGS LIMITED,31-03-2025 - Select to view climate statement documents,Normal companies,,Have records and have submitted,2025,ARBORGEN HOLDINGS LIMITED,2025-03-31,,Submitted,FY24/25,25-07-31 ArborGen Holdings Climate Statements FY25.pdf,1,0,Agriculture,Normal companies,1.0
22,20,ARGOSY PROPERTY LIMITED,31-03-2024 - Click to view Climate Statement/s,Normal companies,,Have records and have submitted,2024,ARGOSY PROPERTY LIMITED,2024-03-31,,Submitted,FY23/24,2024-Climate-Related-Financial-Disclosures FINAL.pdf,1,0,Real Estates,Normal companies,1.0
23,22,ARGOSY PROPERTY LIMITED,31-03-2025 - Select to view climate statement documents,Normal companies,,Have records and have submitted,2025,ARGOSY PROPERTY LIMITED,2025-03-31,,Submitted,FY24/25,2025-Climate-related-Disclosures-20.05.2025.pdf,1,0,Real Estates,Normal companies,1.0
24,23,ARVIDA GROUP LIMITED,31-03-2024 - Select to view climate statement documents,Normal companies,,Have records and have submitted,2024,ARVIDA GROUP LIMITED,2024-03-31,,Submitted,FY23/24,Arvida Group Limited - Annual Report with Climate Related Disclosures - FY24.pdf,2,0,Retirement Village,Normal companies,1.0
26,25,ARVIDA GROUP LIMITED,31-03-2025 - Select to view climate statement documents,Normal companies,,Have records and have submitted,2025,ARVIDA GROUP LIMITED,2025-03-31,,Submitted,FY24/25,2025 CRD Report.pdf,3,0,Retirement Village,Normal companies,1.0
29,26,ASB BANK LIMITED,30-06-2024 - Select to view climate statement documents,Normal companies,,Have records and have submitted,2024,ASB BANK LIMITED,2024-06-30,1.0,Submitted,FY23/24,ASB FY24 Sustainability Report and Climate Statement.pdf,1,0,Finance - Banks,Normal companies,1.0
30,27,ASB BANK LIMITED,30-06-2025 - Select to view climate statement documents,Normal companies,,Have records and have submitted,2025,ASB BANK LIMITED,2025-06-30,,Submitted,FY24/25,ASB Bank Sustainability Report and Climate Statement 2025.pdf,1,0,Finance - Banks,Normal companies,1.0
31,28,ASSET PLUS LIMITED,31-03-2024 - Select to view climate statement documents,Normal companies,,Have records and have submitted,2024,ASSET PLUS LIMITED,2024-03-31,,Submitted,FY23/24,Asset Plus FY24 Climate Statement.pdf,1,0,Finance - Other,Normal companies,1.0
32,29,ASSET PLUS LIMITED,31-03-2025 - Select to view climate statement documents,Normal companies,,Have records and have submitted,2025,ASSET PLUS LIMITED,2025-03-31,,Submitted,FY24/25,Asset Plus Limited FY25 Climate Statements.pdf,1,0,Finance - Other,Normal companies,1.0
33,31,ASTERON LIFE LIMITED,30-06-2024 - Select to view climate statement documents,Normal companies,,Have records and have submitted,2024,ASTERON LIFE LIMITED,2024-06-30,,Submitted,FY23/24,Asteron Life Limited FY24 Climate Related Disclosure - October 2024.pdf,1,0,Finance - Insurance,Normal companies,1.0
34,32,ASTERON LIFE LIMITED,30-06-2025 - Select to view climate statement documents,Normal companies,,Have records and have submitted,2025,ASTERON LIFE LIMITED,2025-06-30,,Submitted,FY24/25,Asteron Life Climate-related Disclosure - 1 July 2024 to 31 December 2025.pdf,1,0,Finance - Insurance,Normal companies,1.0
35,33,AUCKLAND COUNCIL,30-06-2024 - Select to view climate statement documents,Normal companies,,Have records and have submitted,2024,AUCKLAND COUNCIL,2024-06-30,,Submitted,FY23/24,AR 2023-2024 Climate Statement 16.10.24.pdf,3,0,Other industries,Normal companies,1.0
38,34,AUCKLAND COUNCIL,30-06-2025 - Select to view climate statement documents,Normal companies,,Have records and have submitted,2025,AUCKLAND COUNCIL,2025-06-30,,Submitted,FY24/25,Auckland Council Climate Statement 2024-2025.pdf,1,0,Other industries,Normal companies,1.0
39,35,AUCKLAND INTERNATIONAL AIRPORT LIMITED,30-06-2025 - Select to view climate statement documents,Normal companies,,Have records and have submitted,2025,AUCKLAND INTERNATIONAL AIRPORT LIMITED,2025-06-30,,Submitted,FY24/25,2025 Climate-related disclosure.pdf,1,0,Airport,Normal companies,1.0
40,36,AUCKLAND INTERNATIONAL AIRPORT LIMITED,30-06-2024 - Select to view climate statement documents,Normal companies,,Have records and have submitted,2024,AUCKLAND INTERNATIONAL AIRPORT LIMITED,2024-06-30,,Submitted,FY23/24,2024 Climate-related Disclosure.pdf,1,0,Airport,Normal companies,1.0
46,48,BANK OF NEW ZEALAND,30-09-2024 - Select to view climate statement documents,Normal companies,,Have records and have submitted,2024,BANK OF NEW ZEALAND,2024-09-30,,Submitted,FY24/25,BNZ Climate Statements 2024.pdf,1,0,Finance - Banks,Normal companies,1.0
50,51,BARRAMUNDI LIMITED,30-06-2024 - Select to view climate statement documents,Normal companies,,Have records and have submitted,2024,BARRAMUNDI LIMITED,2024-06-30,,Submitted,FY23/24,Barramundi Limited - Climate Statement - 30 June 2024.pdf,1,0,Finance - Other,Normal companies,1.0
51,52,BARRAMUNDI LIMITED,30-06-2025 - Select to view climate statement documents,Normal companies,,Have records and have submitted,2025,BARRAMUNDI LIMITED,2025-06-30,,Submitted,FY24/25,Barramundi 2025 Climate Statement.pdf,1,0,Finance - Other,Normal companies,1.0
52,53,BRISCOE GROUP LIMITED,31-01-2025 - Select to view climate statement documents,Normal companies,,Have records and have submitted,2025,BRISCOE GROUP LIMITED,2025-01-31,,Submitted,FY24/25,Briscoe Group 2025 Annual Report.pdf,1,0,Other industries,Normal companies,1.0
54,54,BRISCOE GROUP LIMITED,31-01-2024 - Click to view Climate Statement/s,Normal companies,,Have records and have submitted,2024,BRISCOE GROUP LIMITED,2024-01-31,1.0,Submitted,FY23/24,Briscoe Group 2024 Climate-Related Disclosures (amended with Director Signatures).pdf,2,0,Other industries,Normal companies,1.0
56,56,CDL INVESTMENTS NEW ZEALAND LIMITED,31-12-2024 - Select to view climate statement documents,Normal companies,,Have records and have submitted,2024,CDL INVESTMENTS NEW ZEALAND LIMITED,2024-12-31,,Submitted,FY24/25,CDL Climate Statement 28-04-25 (003).pdf,1,0,Finance - Other,Normal companies,1.0
57,57,CDL INVESTMENTS NEW ZEALAND LIMITED,31-12-2023 - Click to view Climate Statement/s,Normal companies,,Have records and have submitted,2023,CDL INVESTMENTS NEW ZEALAND LIMITED,2023-12-31,1.0,Submitted,FY23/24,CDL0017_Climate_Related_Disclosures_2023.pdf,1,0,Finance - Other,Normal companies,1.0
58,59,CHANNEL INFRASTRUCTURE NZ LIMITED,31-12-2023 - Click to view Climate Statement/s,Normal companies,,Have records and have submitted,2023,CHANNEL INFRASTRUCTURE NZ LIMITED,2023-12-31,1.0,Submitted,FY23/24,Resilient infrastructure for a decarbonising world (7) - FINAL 28.02.24 9.30pm.pdf,1,0,Infrastructure,Normal companies,1.0
59,60,CHANNEL INFRASTRUCTURE NZ LIMITED,31-12-2024 - Select to view climate statement documents,Normal companies,,Have records and have submitted,2024,CHANNEL INFRASTRUCTURE NZ LIMITED,2024-12-31,,Submitted,FY24/25,2024 Sustainability Report reduced file new audit report (1).pdf,1,0,Infrastructure,Normal companies,1.0
61,62,CHINA CONSTRUCTION BANK (NEW ZEALAND) LIMITED,31-12-2023 - Click to view Climate Statement/s,Normal companies,,Have records and have submitted,2023,CHINA CONSTRUCTION BANK (NEW ZEALAND) LIMITED,2023-12-31,1.0,Submitted,FY23/24,CCBNZL Climate Report for the year ended 31 December 2023.pdf,1,0,Finance - Banks,Normal companies,1.0
62,63,CHINA CONSTRUCTION BANK (NEW ZEALAND) LIMITED,31-12-2024 - Select to view climate statement documents,Normal companies,,Have records and have submitted,2024,CHINA CONSTRUCTION BANK (NEW ZEALAND) LIMITED,2024-12-31,,Submitted,FY24/25,climate report 2024 sub.pdf,1,0,Finance - Banks,Normal companies,1.0
71,68,CHORUS LIMITED,30-06-2024 - Select to view climate statement documents,Normal companies,,Have records and have submitted,2024,CHORUS LIMITED,2024-06-30,,Submitted,FY23/24,Chorus Climate Statements FY24 (dated and signed as at 26 Aug).pdf,1,0,Telecom,Normal companies,1.0
72,69,CHORUS LIMITED,30-06-2025 - Select to view climate statement documents,Normal companies,,Have records and have submitted,2025,CHORUS LIMITED,2025-06-30,,Submitted,FY24/25,Chorus FY25 Climate Statements.pdf,1,0,Telecom,Normal companies,1.0
75,71,CHRISTCHURCH CITY HOLDINGS LIMITED,30-06-2024 - Select to view climate statement documents,Normal companies,,Have records and have submitted,2024,CHRISTCHURCH CITY HOLDINGS LIMITED,2024-06-30,,Submitted,FY23/24,CCHL-Climate-Statement-2024.pdf,1,0,Other industries,Normal companies,1.0
76,72,CHRISTCHURCH INTERNATIONAL AIRPORT LIMITED,30-06-2024 - Select to view climate statement documents,Normal companies,,Have records and have submitted,2024,CHRISTCHURCH INTERNATIONAL AIRPORT LIMITED,2024-06-30,,Submitted,FY23/24,CIAL - ClimateRelatedDisclosure FY24.pdf,2,0,Airport,Normal companies,1.0
79,73,CHRISTCHURCH INTERNATIONAL AIRPORT LIMITED,30-06-2025 - Select to view climate statement documents,Normal companies,,Have records and have submitted,2025,CHRISTCHURCH INTERNATIONAL AIRPORT LIMITED,2025-06-30,,Submitted,FY24/25,CIALTS25007 Climate Related Disclosure FINAL.pdf,3,0,Airport,Normal companies,1.0
81,74,CHUBB LIFE INSURANCE NEW ZEALAND LIMITED,31-12-2023 - Click to view Climate Statement/s,Normal companies,,Have records and have submitted,2023,CHUBB LIFE INSURANCE NEW ZEALAND LIMITED,2023-12-31,1.0,Submitted,FY23/24,Chubb Life Insurance New Zealand Limited Climate Disclosure 2023.pdf,1,0,Finance - Insurance,Normal companies,1.0
82,75,CHUBB LIFE INSURANCE NEW ZEALAND LIMITED,31-12-2024 - Select to view climate statement documents,Normal companies,,Have records and have submitted,2024,CHUBB LIFE INSURANCE NEW ZEALAND LIMITED,2024-12-31,,Submitted,FY24/25,2024 Chubb Life Climate Related Disclosures.pdf,1,0,Finance - Insurance,Normal companies,1.0
86,78,"CITIBANK, N.A.",31-12-2023 - Click to view Climate Statement/s,Normal companies,,Have records and have submitted,2023,"CITIBANK, N.A.",2023-12-31,1.0,Submitted,FY23/24,2023 Climate Statements for Citibank N.A. (New Zealand Branch).pdf,2,0,Finance - Banks,Normal companies,1.0
90,80,COMMONWEALTH BANK OF AUSTRALIA,30-06-2024 - Select to view climate statement documents,Normal companies,,Have records and have submitted,2024,COMMONWEALTH BANK OF AUSTRALIA,2024-06-30,,Submitted,FY23/24,CBA NZ Climate Statement 2024.pdf,2,0,Finance - Banks,Normal companies,1.0
92,82,COMVITA LIMITED,30-06-2024 - Select to view climate statement documents,Normal companies,,Have records and have submitted,2024,COMVITA LIMITED,2024-06-30,,Submitted,FY23/24,Comvita Limited Climate Statement FY24.pdf,1,0,Agriculture,Normal companies,1.0
93,83,COMVITA LIMITED,30-06-2025 - Select to view climate statement documents,Normal companies,,Have records and have submitted,2025,COMVITA LIMITED,2025-06-30,,Submitted,FY24/25,2025 Climate Statement.pdf,2,0,Agriculture,Normal companies,1.0
95,84,CONTACT ENERGY LIMITED,30-06-2024 - Select to view climate statement documents,Normal companies,,Have records and have submitted,2024,CONTACT ENERGY LIMITED,2024-06-30,,Submitted,FY23/24,CON045 Climate Disclosure 24V.pdf,1,0,Energy,Normal companies,1.0
96,85,CONTACT ENERGY LIMITED,30-06-2025 - Select to view climate statement documents,Normal companies,,Have records and have submitted,2025,CONTACT ENERGY LIMITED,2025-06-30,,Submitted,FY24/25,180825  Climate Statement.pdf,1,0,Energy,Normal companies,1.0
97,86,COOPERATIEVE RABOBANK U.A.,31-12-2024 - Select to view climate statement documents,Normal companies,,Have records and have submitted,2024,COOPERATIEVE RABOBANK U.A.,2024-12-31,,Submitted,FY24/25,ClimateStatements_2024_NZBG_Final.pdf,2,0,Finance - Banks,Normal companies,1.0
99,87,COOPERATIEVE RABOBANK U.A.,31-12-2023 - Click to view Climate Statement/s,Normal companies,,Have records and have submitted,2023,COOPERATIEVE RABOBANK U.A.,2023-12-31,,Submitted,FY23/24,Rabobank New Zealand Banking Group 2023 Climate Statements.pdf,1,0,Finance - Banks,Normal companies,1.0
101,89,DELEGAT GROUP LIMITED,30-06-2024 - Select to view climate statement documents,Normal companies,,Have records and have submitted,2024,DELEGAT GROUP LIMITED,2024-06-30,,Submitted,FY23/24,DGL Climate-Related Disclosure 2024.pdf,1,0,Agriculture,Normal companies,1.0
102,90,DELEGAT GROUP LIMITED,30-06-2025 - Select to view climate statement documents,Normal companies,,Have records and have submitted,2025,DELEGAT GROUP LIMITED,2025-06-30,,Submitted,FY24/25,DGL - 2025 Climate-Related Disclosure Report.pdf,1,0,Agriculture,Normal companies,1.0
103,91,DOWNER EDI LIMITED,30-06-2024 - Select to view climate statement documents,Normal companies,,Have records and have submitted,2024,DOWNER EDI LIMITED,2024-06-30,,Submitted,FY23/24,Downer EDI - 2024 Sustainability Report incl Climate Statement.pdf,1,0,Infrastructure,Normal companies,1.0
105,92,DOWNER EDI LIMITED,30-06-2025 - Select to view climate statement documents,Normal companies,,Have records and have submitted,2025,DOWNER EDI LIMITED,2025-06-30,,Submitted,FY24/25,2025 Annual Report (including Climate Statement).pdf,4,0,Infrastructure,Normal companies,1.0
108,93,EBOS GROUP LIMITED,30-06-2025 - Select to view climate statement documents,Normal companies,,Have records and have submitted,2025,EBOS GROUP LIMITED,2025-06-30,,Submitted,FY24/25,EBOS Group Limited FY2025 Climate Statement.pdf,1,0,Healthcare,Normal companies,1.0
109,94,EBOS GROUP LIMITED,30-06-2024 - Select to view climate statement documents,Normal companies,,Have records and have submitted,2024,EBOS GROUP LIMITED,2024-06-30,,Submitted,FY23/24,Climate Statement_2024_V15.pdf,1,0,Healthcare,Normal companies,1.0
110,95,EROAD LIMITED,31-03-2024 - Select to view climate statement documents,Normal companies,,Have records and have submitted,2024,EROAD LIMITED,2024-03-31,,Submitted,FY23/24,EROAD-Climate-disclosures-FY24-30July2024.pdf,1,0,Other industries,Normal companies,1.0
111,96,EROAD LIMITED,31-03-2025 - Select to view climate statement documents,Normal companies,,Have records and have submitted,2025,EROAD LIMITED,2025-03-31,,Submitted,FY24/25,EROAD-FY25-Sustainability-Report and Climate Disclosures.pdf,1,0,Other industries,Normal companies,1.0
115,101,FIDELITY LIFE ASSURANCE COMPANY LIMITED,30-06-2024 - Select to view climate statement documents,Normal companies,,Have records and have submitted,2024,FIDELITY LIFE ASSURANCE COMPANY LIMITED,2024-06-30,,Submitted,FY23/24,Fidelity Life Assurance Company Limited - FY24 Climate Statement.pdf,1,0,Finance - Insurance,Normal companies,1.0
116,102,FIDELITY LIFE ASSURANCE COMPANY LIMITED,30-06-2025 - Select to view climate statement documents,Normal companies,,Have records and have submitted,2025,FIDELITY LIFE ASSURANCE COMPANY LIMITED,2025-06-30,,Submitted,FY24/25,Fidelity Life Annual report FY25 including Climate Statement.pdf,1,0,Finance - Insurance,Normal companies,1.0
117,103,FISHER & PAYKEL HEALTHCARE CORPORATION LIMITED,31-03-2024 - Select to view climate statement documents,Normal companies,,Have records and have submitted,2024,FISHER & PAYKEL HEALTHCARE CORPORATION LIMITED,2024-03-31,,Submitted,FY23/24,FPH Annual Report 2024_Including Climate Statements.pdf,1,0,Healthcare,Normal companies,1.0
118,105,FISHER & PAYKEL HEALTHCARE CORPORATION LIMITED,31-03-2025 - Select to view climate statement documents,Normal companies,,Have records and have submitted,2025,FISHER & PAYKEL HEALTHCARE CORPORATION LIMITED,2025-03-31,,Submitted,FY24/25,FPH Annual Report 2025_Including Climate Statements.pdf,1,0,Healthcare,Normal companies,1.0
122,108,FLETCHER BUILDING LIMITED,30-06-2024 - Select to view climate statement documents,Normal companies,,Have records and have submitted,2024,FLETCHER BUILDING LIMITED,2024-06-30,,Submitted,FY23/24,Fletcher Building Climate Statements 2024.pdf,1,0,Constructions,Normal companies,1.0
123,109,FLETCHER BUILDING LIMITED,30-06-2025 - Select to view climate statement documents,Normal companies,,Have records and have submitted,2025,FLETCHER BUILDING LIMITED,2025-06-30,,Submitted,FY24/25,Fletcher Building Climate Statements 2025.pdf,1,0,Constructions,Normal companies,1.0
124,110,FMG INSURANCE LIMITED,31-03-2024 - Select to view climate statement documents,Normal companies,,Have records and have submitted,2024,FMG INSURANCE LIMITED,2024-03-31,,Submitted,FY23/24,FMGIL Climate-related disclosures FY24.pdf,1,0,Finance - Insurance,Normal companies,1.0
125,112,FMG INSURANCE LIMITED,31-03-2025 - Select to view climate statement documents,Normal companies,,Have records and have submitted,2025,FMG INSURANCE LIMITED,2025-03-31,,Submitted,FY24/25,Climate-related-disclosures-2025.pdf,2,0,Finance - Insurance,Normal companies,1.0
127,114,FOLEY WINES LIMITED,30-06-2024 - Select to view climate statement documents,Normal companies,,Have records and have submitted,2024,FOLEY WINES LIMITED,2024-06-30,,Submitted,FY23/24,Foley Wines Limited Climate Related Disclosures YE 30 June 2024.pdf,1,0,Agriculture,Normal companies,1.0
128,115,FONTERRA CO-OPERATIVE GROUP LIMITED,31-07-2024 - Select to view climate statement documents,Normal companies,,Have records and have submitted,2024,FONTERRA CO-OPERATIVE GROUP LIMITED,2024-07-31,,Submitted,FY24/25,01. FONTERRA133 2024 Annual Report_NZX.pdf,1,0,Agriculture,Normal companies,1.0
130,117,FREIGHTWAYS GROUP LIMITED,30-06-2025 - Select to view climate statement documents,Normal companies,,Have records and have submitted,2025,FREIGHTWAYS GROUP LIMITED,2025-06-30,,Submitted,FY24/25,Freightways FY25 Climate Statement.pdf,1,0,Other industries,Normal companies,1.0
131,118,FREIGHTWAYS GROUP LIMITED,30-06-2024 - Select to view climate statement documents,Normal companies,,Have records and have submitted,2024,FREIGHTWAYS GROUP LIMITED,2024-06-30,,Submitted,FY23/24,Freightways Climate Statement - FY24.pdf,1,0,Other industries,Normal companies,1.0
132,119,GENESIS ENERGY LIMITED,30-06-2024 - Select to view climate statement documents,Normal companies,,Have records and have submitted,2024,GENESIS ENERGY LIMITED,2024-06-30,,Submitted,FY23/24,Genesis FY24 Climate Statement.pdf,1,0,Energy,Normal companies,1.0
133,120,GENESIS ENERGY LIMITED,30-06-2025 - Select to view climate statement documents,Normal companies,,Have records and have submitted,2025,GENESIS ENERGY LIMITED,2025-06-30,,Submitted,FY24/25,Genesis FY25 Climate Statement.pdf,1,0,Energy,Normal companies,1.0
134,121,GENTRACK GROUP LIMITED,30-09-2024 - Not required to lodge,Normal companies,,,2024,GENTRACK GROUP LIMITED,2024-09-30,,Not required to lodge,FY24/25,Gentrack Annual Report including Climate Statement 2024.pdf,1,0,Other industries,Normal companies,1.0
140,127,GREEN CROSS HEALTH LIMITED,31-03-2024 - Select to view climate statement documents,Normal companies,,Have records and have submitted,2024,GREEN CROSS HEALTH LIMITED,2024-03-31,,Submitted,FY23/24,Green Cross Health Limited Climate Related Disclosure for the year ended 31 March 2024.pdf,1,0,Healthcare,Normal companies,1.0
141,129,GREEN CROSS HEALTH LIMITED,31-03-2025 - Select to view climate statement documents,Normal companies,,Have records and have submitted,2025,GREEN CROSS HEALTH LIMITED,2025-03-31,,Submitted,FY24/25,Green Cross Health Limited Climate Related Disclosure for the year ended 31 March 2025.pdf,1,0,Healthcare,Normal companies,1.0
142,131,HALLENSTEIN GLASSON HOLDINGS LIMITED,31-07-2024 - Select to view climate statement documents,Normal companies,,Have records and have submitted,2024,HALLENSTEIN GLASSON HOLDINGS LIMITED,2024-07-31,,Submitted,FY24/25,Hallenstein Glasson Holdings Limited Climate Related Disclosures 2024.pdf,1,0,Other industries,Normal companies,1.0
143,132,HEARTLAND BANK LIMITED,30-06-2024 - Select to view climate statement documents,Normal companies,,Have records and have submitted,2024,HEARTLAND BANK LIMITED,2024-06-30,,Submitted,FY23/24,Heartland Climate Report FY2024 .pdf,1,0,Finance - Banks,Normal companies,1.0
144,133,HEARTLAND BANK LIMITED,30-06-2025 - Select to view climate statement documents,Normal companies,,Have records and have submitted,2025,HEARTLAND BANK LIMITED,2025-06-30,,Submitted,FY24/25,Heartland Climate Report FY2025.pdf,1,0,Finance - Banks,Normal companies,1.0
147,136,HENDERSON FAR EAST INCOME LIMITED,31-08-2024 - Select to view climate statement documents,Normal companies,,Have records and have submitted,2024,HENDERSON FAR EAST INCOME LIMITED,2024-08-31,,Submitted,FY24/25,NZX climate related ye24.pdf,1,0,Finance - Other,Normal companies,1.0
150,139,IAG NEW ZEALAND LIMITED,30-06-2024 - Select to view climate statement documents,Normal companies,,Have records and have submitted,2024,IAG NEW ZEALAND LIMITED,2024-06-30,,Submitted,FY23/24,FY24 IAG New Zealand Climate-related Disclosure.pdf,1,0,Finance - Insurance,Normal companies,1.0
152,140,IAG NEW ZEALAND LIMITED,30-06-2025 - Select to view climate statement documents,Normal companies,,Have records and have submitted,2025,IAG NEW ZEALAND LIMITED,2025-06-30,,Submitted,FY24/25,IAG NZ FY25 Climate Disclosure.pdf,2,0,Finance - Insurance,Normal companies,1.0
153,141,IKEGPS GROUP LIMITED,31-03-2024 - Select to view climate statement documents,Normal companies,,Have records and have submitted,2024,IKEGPS GROUP LIMITED,2024-03-31,,Submitted,FY23/24,ikeGPS Group ESG Final_Signed.pdf,1,0,Other industries,Normal companies,1.0
154,144,INDUSTRIAL AND COMMERCIAL BANK OF CHINA (NEW ZEALAND) LIMITED,31-12-2024 - Select to view climate statement documents,Normal companies,,Have records and have submitted,2024,INDUSTRIAL AND COMMERCIAL BANK OF CHINA (NEW ZEALAND) LIMITED,2024-12-31,,Submitted,FY24/25,ICBC NZ Ltd Climate-Related Disclosure Statement 31 Dec 24.pdf,1,0,Finance - Banks,Normal companies,1.0
155,145,INDUSTRIAL AND COMMERCIAL BANK OF CHINA (NEW ZEALAND) LIMITED,31-12-2023 - Click to view Climate Statement/s,Normal companies,,Have records and have submitted,2023,INDUSTRIAL AND COMMERCIAL BANK OF CHINA (NEW ZEALAND) LIMITED,2023-12-31,1.0,Submitted,FY23/24,ICBC NZ Ltd CRD 31 Dec 2023.pdf,1,0,Finance - Banks,Normal companies,1.0
160,150,INFRATIL LIMITED,31-03-2024 - Select to view climate statement documents,Normal companies,,Have records and have submitted,2024,INFRATIL LIMITED,2024-03-31,,Submitted,FY23/24,Infratil FY2024 Climate Related Disclosures.pdf,1,0,Infrastructure,Normal companies,1.0
161,152,INFRATIL LIMITED,31-03-2025 - Select to view climate statement documents,Normal companies,,Have records and have submitted,2025,INFRATIL LIMITED,2025-03-31,,Submitted,FY24/25,Infratil FY2025 CRD Combined.pdf,1,0,Infrastructure,Normal companies,1.0
162,153,INSURANCE AUSTRALIA GROUP LIMITED,30-06-2024 - Select to view climate statement documents,Normal companies,,Have records and have submitted,2024,INSURANCE AUSTRALIA GROUP LIMITED,2024-06-30,,Submitted,FY23/24,20240821 Notice NZ FSPR registrar.pdf,1,0,Finance - Insurance,Normal companies,1.0
163,154,INSURANCE AUSTRALIA GROUP LIMITED,30-06-2025 - Select to view climate statement documents,Normal companies,,Have records and have submitted,2025,INSURANCE AUSTRALIA GROUP LIMITED,2025-06-30,,Submitted,FY24/25,IAG CRD notice to FSR.pdf,1,0,Finance - Insurance,Normal companies,1.0
164,155,INVESTORE PROPERTY LIMITED,31-03-2024 - Select to view climate statement documents,Normal companies,,Have records and have submitted,2024,INVESTORE PROPERTY LIMITED,2024-03-31,,Submitted,FY23/24,Investore Property Limited - FY24 Sustainability Report and Climate-Related Disclosures.pdf,1,0,Finance - Other,Normal companies,1.0
165,157,INVESTORE PROPERTY LIMITED,31-03-2025 - Select to view climate statement documents,Normal companies,,Have records and have submitted,2025,INVESTORE PROPERTY LIMITED,2025-03-31,,Submitted,FY24/25,Investore Property Limited - FY25 Sustainability Report and Climate-Related Disclosures.pdf,1,0,Finance - Other,Normal companies,1.0
166,161,KINGFISH LIMITED,31-03-2024 - Select to view climate statement documents,Normal companies,,Have records and have submitted,2024,KINGFISH LIMITED,2024-03-31,,Submitted,FY23/24,Kingfish Climate Statement - 31 March 2024.pdf,1,0,Finance - Other,Normal companies,1.0
167,163,KINGFISH LIMITED,31-03-2025 - Select to view climate statement documents,Normal companies,,Have records and have submitted,2025,KINGFISH LIMITED,2025-03-31,,Submitted,FY24/25,Kingfish 31 March 2025 Climate Statement.pdf,1,0,Finance - Other,Normal companies,1.0
168,164,KIWI PROPERTY GROUP LIMITED,31-03-2024 - Click to view Climate Statement/s,Normal companies,,Have records and have submitted,2024,KIWI PROPERTY GROUP LIMITED,2024-03-31,,Submitted,FY23/24,Kiwi Property Group Climate-related Disclosure Report 2024.pdf,1,0,Real Estates,Normal companies,1.0
169,165,KIWI PROPERTY GROUP LIMITED,31-03-2025 - Select to view climate statement documents,Normal companies,,Have records and have submitted,2025,KIWI PROPERTY GROUP LIMITED,2025-03-31,,Submitted,FY24/25,FY25 Sustainability Report and Climate-related Disclosures.pdf,2,0,Real Estates,Normal companies,1.0
172,167,KIWIBANK LIMITED,30-06-2024 - Select to view climate statement documents,Normal companies,,Have records and have submitted,2024,KIWIBANK LIMITED,2024-06-30,1.0,Submitted,FY23/24,Kiwibank Climate Statement dated 21 August 2024 as amended on page 34 - 14 October 2024.pdf,3,0,Finance - Banks,Normal companies,1.0
174,168,KIWIBANK LIMITED,30-06-2025 - Select to view climate statement documents,Normal companies,,Have records and have submitted,2025,KIWIBANK LIMITED,2025-06-30,,Submitted,FY24/25,Kiwibank 2025 Climate Statement.pdf,1,0,Finance - Banks,Normal companies,1.0
178,170,KMD BRANDS LIMITED,31-07-2024 - Select to view climate statement documents,Normal companies,,Have records and have submitted,2024,KMD BRANDS LIMITED,2024-07-31,,Submitted,FY24/25,KMD Brands Climate Related Disclosures 2024.pdf,1,0,Other industries,Normal companies,1.0
179,171,LIVESTOCK IMPROVEMENT CORPORATION LIMITED,31-05-2024 - Select to view climate statement documents,Normal companies,,Have records and have submitted,2024,LIVESTOCK IMPROVEMENT CORPORATION LIMITED,2024-05-31,,Submitted,FY23/24,LIC_Climate_Statements_FINAL signed.pdf,1,0,Agriculture,Normal companies,1.0
180,172,LIVESTOCK IMPROVEMENT CORPORATION LIMITED,31-05-2025 - Select to view climate statement documents,Normal companies,,Have records and have submitted,2025,LIVESTOCK IMPROVEMENT CORPORATION LIMITED,2025-05-31,,Submitted,FY24/25,LIC_ClimateReport_31052025.pdf,1,0,Agriculture,Normal companies,1.0
181,173,MAINFREIGHT LIMITED,31-03-2024 - Select to view climate statement documents,Normal companies,,Have records and have submitted,2024,MAINFREIGHT LIMITED,2024-03-31,,Submitted,FY23/24,2024 Sustainability and Climate Report v1.0.pdf,3,0,Other industries,Normal companies,1.0
184,175,MAINFREIGHT LIMITED,31-03-2025 - Select to view climate statement documents,Normal companies,,Have records and have submitted,2025,MAINFREIGHT LIMITED,2025-03-31,,Submitted,FY24/25,2025 Sustainability and Climate Report v1.0.pdf,2,0,Other industries,Normal companies,1.0
186,176,MANAWA ENERGY LIMITED,31-03-2024 - Select to view climate statement documents,Normal companies,,Have records and have submitted,2024,MANAWA ENERGY LIMITED,2024-03-31,,Submitted,FY23/24,Manawa Energy Limited - Climate Related Disclosure FY24.pdf,1,0,Energy,Normal companies,1.0
188,178,MANAWA ENERGY LIMITED,31-03-2025 - Select to view climate statement documents,Normal companies,,Have records and have submitted,2025,MANAWA ENERGY LIMITED,2025-03-31,,Submitted,FY24/25,Manawa Energy Limited FY25  Climate Statement.pdf,2,0,Energy,Normal companies,1.0
189,179,MARLIN GLOBAL LIMITED,30-06-2024 - Select to view climate statement documents,Normal companies,,Have records and have submitted,2024,MARLIN GLOBAL LIMITED,2024-06-30,,Submitted,FY23/24,Marlin Global Limited - Climate Statement - 30 June 2024.pdf,1,0,Finance - Other,Normal companies,1.0
190,180,MARLIN GLOBAL LIMITED,30-06-2025 - Select to view climate statement documents,Normal companies,,Have records and have submitted,2025,MARLIN GLOBAL LIMITED,2025-06-30,,Submitted,FY24/25,Marlin 2025 Climate Statement.pdf,1,0,Finance - Other,Normal companies,1.0
191,182,MARSDEN MARITIME HOLDINGS LIMITED,30-06-2024 - Select to view climate statement documents,Normal companies,,Have records and have submitted,2024,MARSDEN MARITIME HOLDINGS LIMITED,2024-06-30,,Submitted,FY23/24,MMH Annual Report_2024.pdf,1,0,Infrastructure,Normal companies,1.0
192,183,MERCURY NZ LIMITED,30-06-2025 - Select to view climate statement documents,Normal companies,,Have records and have submitted,2025,MERCURY NZ LIMITED,2025-06-30,,Submitted,FY24/25,Mercury FY25 Climate Statement.pdf,1,0,Energy,Normal companies,1.0
193,184,MERCURY NZ LIMITED,30-06-2024 - Select to view climate statement documents,Normal companies,,Have records and have submitted,2024,MERCURY NZ LIMITED,2024-06-30,,Submitted,FY23/24,Mercury FY24 Climate Statement.pdf,1,0,Energy,Normal companies,1.0
194,185,MERIDIAN ENERGY LIMITED,30-06-2025 - Select to view climate statement documents,Normal companies,,Have records and have submitted,2025,MERIDIAN ENERGY LIMITED,2025-06-30,,Submitted,FY24/25,Meridian Energy Climate-related Disclosures 2025.pdf,1,0,Energy,Normal companies,1.0
195,186,MERIDIAN ENERGY LIMITED,30-06-2024 - Select to view climate statement documents,Normal companies,,Have records and have submitted,2024,MERIDIAN ENERGY LIMITED,2024-06-30,,Submitted,FY23/24,Meridian Climate related Disclosure 2024.pdf,1,0,Energy,Normal companies,1.0
196,187,METLIFECARE LIMITED,30-06-2024 - Select to view climate statement documents,Normal companies,,Have records and have submitted,2024,METLIFECARE LIMITED,2024-06-30,,Submitted,FY23/24,Metlifecare Climate-related Disclosure Report 2024.pdf,1,0,Retirement Village,Normal companies,1.0
197,188,METLIFECARE LIMITED,30-06-2025 - Select to view climate statement documents,Normal companies,,Have records and have submitted,2025,METLIFECARE LIMITED,2025-06-30,,Submitted,FY24/25,Metlifecare Climate Statement 2025.pdf,1,0,Retirement Village,Normal companies,1.0
200,191,MILLENNIUM & COPTHORNE HOTELS NEW ZEALAND LIMITED,31-12-2023 - Click to view Climate Statement/s,Normal companies,,Have records and have submitted,2023,MILLENNIUM & COPTHORNE HOTELS NEW ZEALAND LIMITED,2023-12-31,1.0,Submitted,FY23/24,MIL0019_Climate_Related_Disclosures_2023.pdf,1,0,Other industries,Normal companies,1.0
201,192,MILLENNIUM & COPTHORNE HOTELS NEW ZEALAND LIMITED,31-12-2024 - Select to view climate statement documents,Normal companies,,Have records and have submitted,2024,MILLENNIUM & COPTHORNE HOTELS NEW ZEALAND LIMITED,2024-12-31,,Submitted,FY24/25,MCK_FY24_Climate_Statement_FINAL_issued_April28_2025.pdf,1,0,Other industries,Normal companies,1.0
202,194,MOVE LOGISTICS GROUP LIMITED,30-06-2024 - Select to view climate statement documents,Normal companies,,Have records and have submitted,2024,MOVE LOGISTICS GROUP LIMITED,2024-06-30,,Submitted,FY23/24,MOVE Climate Statement 2024-v6.pdf,1,0,Other industries,Normal companies,1.0
203,195,MOVE LOGISTICS GROUP LIMITED,30-06-2025 - Select to view climate statement documents,Normal companies,,Have records and have submitted,2025,MOVE LOGISTICS GROUP LIMITED,2025-06-30,,Submitted,FY24/25,MOVE FY25 Climate Statement.pdf,1,0,Other industries,Normal companies,1.0
205,196,"MUFG BANK, LTD.",31-03-2024 - Select to view climate statement documents,Normal companies,,Have records and have submitted,2024,"MUFG BANK, LTD.",2024-03-31,,Submitted,FY23/24,MUFG New Zealand Climate Report FY2023.pdf,2,0,Finance - Banks,Normal companies,1.0
207,198,"MUFG BANK, LTD.",31-03-2025 - Select to view climate statement documents,Normal companies,,Have records and have submitted,2025,"MUFG BANK, LTD.",2025-03-31,,Submitted,FY24/25,MUFG New Zealand Climate Report 31 March 2025.pdf,2,0,Finance - Banks,Normal companies,1.0
208,199,NAPIER PORT HOLDINGS LIMITED,30-09-2024 - Not required to lodge,Normal companies,,,2024,NAPIER PORT HOLDINGS LIMITED,2024-09-30,,Not required to lodge,FY24/25,2024 Climate Change Report (FINAL) - signed.pdf,1,0,Infrastructure,Normal companies,1.0
211,202,NELSON BUILDING SOCIETY,31-03-2024 - Select to view climate statement documents,Normal companies,,Have records and have submitted,2024,NELSON BUILDING SOCIETY,2024-03-31,,Submitted,FY23/24,NBS-Climate-Related-Disclosure-2024.pdf,1,0,Constructions,Normal companies,1.0
212,204,NELSON BUILDING SOCIETY,31-03-2025 - Select to view climate statement documents,Normal companies,,Have records and have submitted,2025,NELSON BUILDING SOCIETY,2025-03-31,,Submitted,FY24/25,NBS-Climate-Related-Disclosure-2025.pdf,1,0,Constructions,Normal companies,1.0
213,205,NEW ZEALAND KING SALMON INVESTMENTS LIMITED,31-01-2025 - Select to view climate statement documents,Normal companies,,Have records and have submitted,2025,NEW ZEALAND KING SALMON INVESTMENTS LIMITED,2025-01-31,,Submitted,FY24/25,New Zealand King Salmon FY25 Climate-Related Disclosures.pdf,1,0,Finance - Other,Normal companies,1.0
214,206,NEW ZEALAND KING SALMON INVESTMENTS LIMITED,31-01-2024 - Click to view Climate Statement/s,Normal companies,,Have records and have submitted,2024,NEW ZEALAND KING SALMON INVESTMENTS LIMITED,2024-01-31,,Submitted,FY23/24,Climate-Related Disclosures.pdf,1,0,Finance - Other,Normal companies,1.0
216,209,NEW ZEALAND LOCAL GOVERNMENT FUNDING AGENCY LIMITED,30-06-2024 - Select to view climate statement documents,Normal companies,,Have records and have submitted,2024,NEW ZEALAND LOCAL GOVERNMENT FUNDING AGENCY LIMITED,2024-06-30,,Submitted,FY23/24,2406 Climate-Related-Disclosures-2024.pdf,1,0,Other industries,Normal companies,1.0
217,210,NEW ZEALAND RURAL LAND COMPANY LIMITED,31-12-2024 - Select to view climate statement documents,Normal companies,,Have records and have submitted,2024,NEW ZEALAND RURAL LAND COMPANY LIMITED,2024-12-31,,Submitted,FY24/25,NZL CRD Climate Statement 2024.pdf,1,0,Real Estates,Normal companies,1.0
218,211,NEW ZEALAND RURAL LAND COMPANY LIMITED,31-12-2023 - Click to view Climate Statement/s,Normal companies,,Have records and have submitted,2023,NEW ZEALAND RURAL LAND COMPANY LIMITED,2023-12-31,1.0,Submitted,FY23/24,NZL Climate Related Disclosure.pdf,1,0,Real Estates,Normal companies,1.0
219,213,NIB NZ LIMITED,30-06-2024 - Select to view climate statement documents,Normal companies,,Have records and have submitted,2024,NIB NZ LIMITED,2024-06-30,,Submitted,FY23/24,nib NZ Climate Related Disclosure_FINAL_R3.pdf,1,0,Finance - Insurance,Normal companies,1.0
220,214,NIB NZ LIMITED,30-06-2025 - Select to view climate statement documents,Normal companies,,Have records and have submitted,2025,NIB NZ LIMITED,2025-06-30,,Submitted,FY24/25,nib nz 2025 Climate Related Disclosure.pdf,1,0,Finance - Insurance,Normal companies,1.0
224,218,NZME LIMITED,31-12-2024 - Select to view climate statement documents,Normal companies,,Have records and have submitted,2024,NZME LIMITED,2024-12-31,,Submitted,FY24/25,NZME Annual Report 2024 (including climate statement).pdf,1,0,Telecom,Normal companies,1.0
225,219,NZME LIMITED,31-12-2023 - Click to view Climate Statement/s,Normal companies,,Have records and have submitted,2023,NZME LIMITED,2023-12-31,1.0,Submitted,FY23/24,NZME Annual Report 2023 (including climate statement).pdf,1,0,Telecom,Normal companies,1.0
226,221,NZX LIMITED,31-12-2024 - Select to view climate statement documents,Normal companies,,Have records and have submitted,2024,NZX LIMITED,2024-12-31,,Submitted,FY24/25,NZX Annual Report 2024 (including climate statement).pdf,1,0,Finance - Other,Normal companies,1.0
227,222,NZX LIMITED,31-12-2023 - Click to view Climate Statement/s,Normal companies,,Have records and have submitted,2023,NZX LIMITED,2023-12-31,1.0,Submitted,FY23/24,NZX Annual Report 2023 (including climate statement).pdf,1,0,Finance - Other,Normal companies,1.0
228,224,OCEANIA HEALTHCARE LIMITED,31-03-2024 - Click to view Climate Statement/s,Normal companies,,Have records and have submitted,2024,OCEANIA HEALTHCARE LIMITED,2024-03-31,,Submitted,FY23/24,Oceania Healthcare FY2024 Climate-related Risk Disclosure.pdf,1,0,Retirement Village,Normal companies,1.0
229,226,OCEANIA HEALTHCARE LIMITED,31-03-2025 - Select to view climate statement documents,Normal companies,,Have records and have submitted,2025,OCEANIA HEALTHCARE LIMITED,2025-03-31,,Submitted,FY24/25,Oceania Healthcare FY2025 Climate-related Risk Disclosure.pdf,1,0,Retirement Village,Normal companies,1.0
230,227,PACIFIC EDGE LIMITED,31-03-2024 - Select to view climate statement documents,Normal companies,,Have records and have submitted,2024,PACIFIC EDGE LIMITED,2024-03-31,,Submitted,FY23/24,PEB Climate Report 24.pdf,1,0,Pharmaceuticals,Normal companies,1.0
231,229,PACIFIC EDGE LIMITED,31-03-2025 - Select to view climate statement documents,Normal companies,,Have records and have submitted,2025,PACIFIC EDGE LIMITED,2025-03-31,,Submitted,FY24/25,Pacific Edge Limited Final Climate Report FY25.pdf,1,0,Pharmaceuticals,Normal companies,1.0
232,230,PARTNERS LIFE LIMITED,31-03-2024 - Select to view climate statement documents,Normal companies,,Have records and have submitted,2024,PARTNERS LIFE LIMITED,2024-03-31,,Submitted,FY23/24,Partners Life Limited Climate Statements 31 March 2024 (stand alone).pdf,1,0,Finance - Insurance,Normal companies,1.0
233,231,PARTNERS LIFE LIMITED,31-03-2025 - Select to view climate statement documents,Normal companies,,Have records and have submitted,2025,PARTNERS LIFE LIMITED,2025-03-31,,Submitted,FY24/25,PLL Financial Statements Signed.pdf,1,0,Finance - Insurance,Normal companies,1.0
234,233,PGG WRIGHTSON LIMITED,30-06-2024 - Select to view climate statement documents,Normal companies,,Have records and have submitted,2024,PGG WRIGHTSON LIMITED,2024-06-30,,Submitted,FY23/24,PGW Sustainability Report 2024.pdf,1,0,Agriculture,Normal companies,1.0
236,234,PGG WRIGHTSON LIMITED,30-06-2025 - Select to view climate statement documents,Normal companies,,Have records and have submitted,2025,PGG WRIGHTSON LIMITED,2025-06-30,,Submitted,FY24/25,PGW Sustainability Report and Climate Statement 2025.pdf,2,0,Agriculture,Normal companies,1.0
237,235,PORT OF TAURANGA LIMITED,30-06-2024 - Select to view climate statement documents,Normal companies,,Have records and have submitted,2024,PORT OF TAURANGA LIMITED,2024-06-30,,Submitted,FY23/24,Port of Tauranga CRD report FY2024 (1).pdf,1,0,Infrastructure,Normal companies,1.0
238,236,PORT OF TAURANGA LIMITED,30-06-2025 - Select to view climate statement documents,Normal companies,,Have records and have submitted,2025,PORT OF TAURANGA LIMITED,2025-06-30,,Submitted,FY24/25,Port of Tauranga CRD report 2025.pdf,2,0,Infrastructure,Normal companies,1.0
240,237,PRECINCT PROPERTIES NEW ZEALAND LIMITED,30-06-2024 - Select to view climate statement documents,Normal companies,,Have records and have submitted,2024,PRECINCT PROPERTIES NEW ZEALAND LIMITED,2024-06-30,,Submitted,FY23/24,Climate Related Disclosures_Oct2024.pdf,2,0,Real Estates,Normal companies,1.0
242,238,PRECINCT PROPERTIES NEW ZEALAND LIMITED,30-06-2025 - Select to view climate statement documents,Normal companies,,Have records and have submitted,2025,PRECINCT PROPERTIES NEW ZEALAND LIMITED,2025-06-30,,Submitted,FY24/25,Climate Related Disclosures_clean 28 Oct 2025.pdf,2,0,Real Estates,Normal companies,1.0
245,240,PROPERTY FOR INDUSTRY LIMITED,31-12-2023 - Click to view Climate Statement/s,Normal companies,,Have records and have submitted,2023,PROPERTY FOR INDUSTRY LIMITED,2023-12-31,1.0,Submitted,FY23/24,2023 12 31 - PFI - Climate-related Disclosures - Signed.pdf,1,0,Real Estates,Normal companies,1.0
246,241,PROPERTY FOR INDUSTRY LIMITED,30-06-2025 - Select to view climate statement documents,Normal companies,,Have records and have submitted,2025,PROPERTY FOR INDUSTRY LIMITED,2025-06-30,,Submitted,FY24/25,2025 06 30 - PFI - FY25 Sustainability and Climate Report - FINAL.pdf,2,0,Real Estates,Normal companies,1.0
248,242,QBE INSURANCE (AUSTRALIA) LIMITED,31-12-2024 - Select to view climate statement documents,Normal companies,,Have records and have submitted,2024,QBE INSURANCE (AUSTRALIA) LIMITED,2024-12-31,,Submitted,FY24/25,QBE NZ Climate Statement 2024 (with SH and CE signature).pdf,1,0,Finance - Insurance,Normal companies,1.0
255,245,QUAYSIDE HOLDINGS LIMITED,30-06-2024 - Select to view climate statement documents,Normal companies,,Have records and have submitted,2024,QUAYSIDE HOLDINGS LIMITED,2024-06-30,,Submitted,FY23/24,Quayside Holdings Limited FY24 Climate Related Disclosures.pdf,1,0,Real Estates,Normal companies,1.0
256,246,QUAYSIDE HOLDINGS LIMITED,30-06-2025 - Select to view climate statement documents,Normal companies,,Have records and have submitted,2025,QUAYSIDE HOLDINGS LIMITED,2025-06-30,,Submitted,FY24/25,FY25 CLIMATE DISCLOSURE_231025.pdf,1,0,Real Estates,Normal companies,1.0
257,247,RABOBANK NEW ZEALAND LIMITED,31-12-2023 - Click to view Climate Statement/s,Normal companies,,Have records and have submitted,2023,RABOBANK NEW ZEALAND LIMITED,2023-12-31,1.0,Submitted,FY23/24,Rabobank New Zealand Limited 2023 Climate Statements.pdf,1,0,Finance - Banks,Normal companies,1.0
258,248,RABOBANK NEW ZEALAND LIMITED,31-12-2024 - Select to view climate statement documents,Normal companies,,Have records and have submitted,2024,RABOBANK NEW ZEALAND LIMITED,2024-12-31,,Submitted,FY24/25,ClimateStatements_2024_RNZL_Final.pdf,1,0,Finance - Banks,Normal companies,1.0
260,250,RADIUS RESIDENTIAL CARE LIMITED,31-03-2024 - Select to view climate statement documents,Normal companies,,Have records and have submitted,2024,RADIUS RESIDENTIAL CARE LIMITED,2024-03-31,,Submitted,FY23/24,Radius Residential Care Ltd - CRD Report - FY24.pdf,1,0,Retirement Village,Normal companies,1.0
261,251,RADIUS RESIDENTIAL CARE LIMITED,31-03-2025 - Select to view climate statement documents,Normal companies,,Have records and have submitted,2025,RADIUS RESIDENTIAL CARE LIMITED,2025-03-31,,Submitted,FY24/25,RAD - Radius Care CRD 2025.pdf,1,0,Retirement Village,Normal companies,1.0
262,253,RAKON LIMITED,31-03-2024 - Select to view climate statement documents,Normal companies,,Have records and have submitted,2024,RAKON LIMITED,2024-03-31,,Submitted,FY23/24,Rakon Limited Climate Statement July 2024.pdf,1,0,Other industries,Normal companies,1.0
263,254,RAKON LIMITED,31-03-2025 - Select to view climate statement documents,Normal companies,,Have records and have submitted,2025,RAKON LIMITED,2025-03-31,,Submitted,FY24/25,RAKON Climate Statement 2025.pdf,1,0,Other industries,Normal companies,1.0
265,256,RESOLUTION LIFE AUSTRALASIA LIMITED,31-12-2024 - Select to view climate statement documents,Normal companies,,Have records and have submitted,2024,RESOLUTION LIFE AUSTRALASIA LIMITED,2024-12-31,,Submitted,FY24/25,RLAL_NZ Climate Related Disclosure 2024.pdf,2,0,Finance - Insurance,Normal companies,1.0
267,257,RESOLUTION LIFE AUSTRALASIA LIMITED,31-12-2023 - Click to view Climate Statement/s,Normal companies,,Have records and have submitted,2023,RESOLUTION LIFE AUSTRALASIA LIMITED,2023-12-31,1.0,Submitted,FY23/24,RLAL-NZ Climate-Related Disclosures 2023.pdf,2,0,Finance - Insurance,Normal companies,1.0
268,259,RESTAURANT BRANDS NEW ZEALAND LIMITED,31-12-2024 - Select to view climate statement documents,Normal companies,,Have records and have submitted,2024,RESTAURANT BRANDS NEW ZEALAND LIMITED,2024-12-31,,Submitted,FY24/25,RBD FY24 CRD Report.pdf,1,0,Other industries,Normal companies,1.0
269,260,RESTAURANT BRANDS NEW ZEALAND LIMITED,31-12-2023 - Click to view Climate Statement/s,Normal companies,,Have records and have submitted,2023,RESTAURANT BRANDS NEW ZEALAND LIMITED,2023-12-31,1.0,Submitted,FY23/24,RBD 2023 CRD.pdf,1,0,Other industries,Normal companies,1.0
270,262,RYMAN HEALTHCARE LIMITED,31-03-2024 - Select to view climate statement documents,Normal companies,,Have records and have submitted,2024,RYMAN HEALTHCARE LIMITED,2024-03-31,,Submitted,FY23/24,Ryman Climate-Related Disclosures 2024.pdf,1,0,Retirement Village,Normal companies,1.0
271,264,RYMAN HEALTHCARE LIMITED,31-03-2025 - Select to view climate statement documents,Normal companies,,Have records and have submitted,2025,RYMAN HEALTHCARE LIMITED,2025-03-31,,Submitted,FY24/25,Ryman FY25 Climate-Related Disclosures Report.pdf,1,0,Retirement Village,Normal companies,1.0
272,265,SANFORD LIMITED,30-09-2024 - Select to view climate statement documents,Normal companies,,Have records and have submitted,2024,SANFORD LIMITED,2024-09-30,,Submitted,FY24/25,FY24 Sustainability Report.pdf,1,0,Agriculture,Normal companies,1.0
274,267,SCALES CORPORATION LIMITED,31-12-2024 - Select to view climate statement documents,Normal companies,,Have records and have submitted,2024,SCALES CORPORATION LIMITED,2024-12-31,,Submitted,FY24/25,SC9870 Climate Related Disclosure Final 23.04.25.pdf,1,0,Agriculture,Normal companies,1.0
275,268,SCALES CORPORATION LIMITED,31-12-2023 - Click to view Climate Statement/s,Normal companies,,Have records and have submitted,2023,SCALES CORPORATION LIMITED,2023-12-31,1.0,Submitted,FY23/24,SC9600 Climate Related Disclosure Final Copy.pdf,1,0,Agriculture,Normal companies,1.0
276,270,SCOTT TECHNOLOGY LIMITED,31-08-2024 - Select to view climate statement documents,Normal companies,,Have records and have submitted,2024,SCOTT TECHNOLOGY LIMITED,2024-08-31,,Submitted,FY24/25,Scott-sustainability-report-2024-v11.pdf,1,0,Other industries,Normal companies,1.0
279,273,SEEKA LIMITED,31-12-2023 - Click to view Climate Statement/s,Normal companies,,Have records and have submitted,2023,SEEKA LIMITED,2023-12-31,1.0,Submitted,FY23/24,Seeka Limited Climate Disclosure 2023.pdf,1,0,Agriculture,Normal companies,1.0
280,274,SEEKA LIMITED,31-12-2024 - Select to view climate statement documents,Normal companies,,Have records and have submitted,2024,SEEKA LIMITED,2024-12-31,,Submitted,FY24/25,Seeka Ltd - 2024 Climate Statement.pdf,1,0,Agriculture,Normal companies,1.0
283,279,SKELLERUP HOLDINGS LIMITED,30-06-2025 - Select to view climate statement documents,Normal companies,,Have records and have submitted,2025,SKELLERUP HOLDINGS LIMITED,2025-06-30,,Submitted,FY24/25,Skellerup Group Climate Statements FY25.pdf,1,0,Constructions,Normal companies,1.0
284,280,SKELLERUP HOLDINGS LIMITED,30-06-2024 - Select to view climate statement documents,Normal companies,,Have records and have submitted,2024,SKELLERUP HOLDINGS LIMITED,2024-06-30,,Submitted,FY23/24,Skellerup Group Climate Statements FY24 Final.pdf,1,0,Constructions,Normal companies,1.0
285,281,SKY NETWORK TELEVISION LIMITED,30-06-2025 - Select to view climate statement documents,Normal companies,,Have records and have submitted,2025,SKY NETWORK TELEVISION LIMITED,2025-06-30,,Submitted,FY24/25,SKY Climate-Related Disclosure 2025.pdf,1,0,Telecom,Normal companies,1.0
286,282,SKY NETWORK TELEVISION LIMITED,30-06-2024 - Select to view climate statement documents,Normal companies,,Have records and have submitted,2024,SKY NETWORK TELEVISION LIMITED,2024-06-30,,Submitted,FY23/24,SKY - Climate-Related Disclosure 2024.pdf,2,0,Telecom,Normal companies,1.0
288,283,SKYCITY ENTERTAINMENT GROUP LIMITED,30-06-2024 - Select to view climate statement documents,Normal companies,,Have records and have submitted,2024,SKYCITY ENTERTAINMENT GROUP LIMITED,2024-06-30,,Submitted,FY23/24,SkyCity Climate Related Disclosures Index FY24.pdf,1,0,Other industries,Normal companies,1.0
289,285,SMARTPAY HOLDINGS LIMITED,31-03-2024 - Select to view climate statement documents,Normal companies,,Have records and have submitted,2024,SMARTPAY HOLDINGS LIMITED,2024-03-31,,Submitted,FY23/24,The Climate Statement for the year ended 31 March 2024.pdf,1,0,Telecom,Normal companies,1.0
290,286,SMARTPAY HOLDINGS LIMITED,31-03-2025 - Select to view climate statement documents,Normal companies,,Have records and have submitted,2025,SMARTPAY HOLDINGS LIMITED,2025-03-31,,Submitted,FY24/25,The Climate Statement For the Reporting Period Ended 31 March 2025.pdf,1,0,Telecom,Normal companies,1.0
291,288,SOUTH PORT NEW ZEALAND LIMITED,30-06-2024 - Select to view climate statement documents,Normal companies,,Have records and have submitted,2024,SOUTH PORT NEW ZEALAND LIMITED,2024-06-30,,Submitted,FY23/24,South Port NZ CRD.pdf,1,0,Infrastructure,Normal companies,1.0
292,289,SOUTH PORT NEW ZEALAND LIMITED,30-06-2025 - Select to view climate statement documents,Normal companies,,Have records and have submitted,2025,SOUTH PORT NEW ZEALAND LIMITED,2025-06-30,,Submitted,FY24/25,20250828_South Port FY25 CRD_MASTER.pdf,2,0,Infrastructure,Normal companies,1.0
294,290,SOUTHERN CROSS MEDICAL CARE SOCIETY,30-06-2024 - Select to view climate statement documents,Normal companies,,Have records and have submitted,2024,SOUTHERN CROSS MEDICAL CARE SOCIETY,2024-06-30,,Submitted,FY23/24,Southern Cross Medical Care Society - 2024 Climate Statements.pdf,1,0,Healthcare,Normal companies,1.0
295,291,SOUTHERN CROSS MEDICAL CARE SOCIETY,30-06-2025 - Select to view climate statement documents,Normal companies,,Have records and have submitted,2025,SOUTHERN CROSS MEDICAL CARE SOCIETY,2025-06-30,,Submitted,FY24/25,Southern Cross Medical Care Society - 2025 Climate Statements.pdf,1,0,Healthcare,Normal companies,1.0
296,292,SOUTHLAND BUILDING SOCIETY,31-03-2024 - Select to view climate statement documents,Normal companies,,Have records and have submitted,2024,SOUTHLAND BUILDING SOCIETY,2024-03-31,,Submitted,FY23/24,SBS Group Climate and Sustainability Statement FYE24.pdf,1,0,Constructions,Normal companies,1.0
297,293,SOUTHLAND BUILDING SOCIETY,31-03-2025 - Select to view climate statement documents,Normal companies,,Have records and have submitted,2025,SOUTHLAND BUILDING SOCIETY,2025-03-31,,Submitted,FY24/25,SBS Group CRD FY2025.pdf,1,0,Constructions,Normal companies,1.0
302,297,SPARK NEW ZEALAND LIMITED,30-06-2024 - Select to view climate statement documents,Normal companies,,Have records and have submitted,2024,SPARK NEW ZEALAND LIMITED,2024-06-30,,Submitted,FY23/24,Annual Report.pdf,1,0,Telecom,Normal companies,1.0
303,298,SPARK NEW ZEALAND LIMITED,30-06-2025 - Select to view climate statement documents,Normal companies,,Have records and have submitted,2025,SPARK NEW ZEALAND LIMITED,2025-06-30,,Submitted,FY24/25,Climate-related Disclosures Report.pdf,2,0,Telecom,Normal companies,1.0
305,299,STEEL & TUBE HOLDINGS LIMITED,30-06-2025 - Select to view climate statement documents,Normal companies,,Have records and have submitted,2025,STEEL & TUBE HOLDINGS LIMITED,2025-06-30,,Submitted,FY24/25,Steel & Tube 2025 Climate Related Disclosures Final (Signed).pdf,1,0,Constructions,Normal companies,1.0
306,300,STEEL & TUBE HOLDINGS LIMITED,30-06-2024 - Select to view climate statement documents,Normal companies,,Have records and have submitted,2024,STEEL & TUBE HOLDINGS LIMITED,2024-06-30,,Submitted,FY23/24,Steel & Tube 2024 Climate Related Disclosure_Digital Signatures.pdf,1,0,Constructions,Normal companies,1.0
307,301,STRIDE INVESTMENT MANAGEMENT LIMITED,31-03-2024 - Click to view Climate Statement/s,Normal companies,,Have records and have submitted,2024,STRIDE INVESTMENT MANAGEMENT LIMITED,2024-03-31,,Submitted,FY23/24,SPG Sustainability Report and Climate Statements FY24.pdf,1,0,Finance - Other,Normal companies,1.0
308,303,STRIDE INVESTMENT MANAGEMENT LIMITED,31-03-2025 - Select to view climate statement documents,Normal companies,,Have records and have submitted,2025,STRIDE INVESTMENT MANAGEMENT LIMITED,2025-03-31,,Submitted,FY24/25,Stride Property Group - FY25 Sustainability Report and Climate-Related Disclosures.pdf,1,0,Finance - Other,Normal companies,1.0
311,307,SUMMERSET GROUP HOLDINGS LIMITED,31-12-2024 - Select to view climate statement documents,Normal companies,,Have records and have submitted,2024,SUMMERSET GROUP HOLDINGS LIMITED,2024-12-31,,Submitted,FY24/25,Sustainability Review and Climate-related Disclosures FY24.pdf,1,0,Retirement Village,Normal companies,1.0
312,308,SUMMERSET GROUP HOLDINGS LIMITED,31-12-2023 - Click to view Climate Statement/s,Normal companies,,Have records and have submitted,2023,SUMMERSET GROUP HOLDINGS LIMITED,2023-12-31,1.0,Submitted,FY23/24,Sustainability Review & Climate Related Disclosures - FY23.pdf,1,0,Retirement Village,Normal companies,1.0
315,310,SWISS RE LIFE & HEALTH AUSTRALIA LIMITED,31-12-2024 - Select to view climate statement documents,Normal companies,,Have records and have submitted,2024,SWISS RE LIFE & HEALTH AUSTRALIA LIMITED,2024-12-31,,Submitted,FY24/25,Swiss Re NZ CRD redport 2024_SIGNED.pdf,2,0,Finance - Insurance,Normal companies,1.0
316,311,SWISS RE LIFE & HEALTH AUSTRALIA LIMITED,31-12-2023 - Click to view Climate Statement/s,Normal companies,,Have records and have submitted,2023,SWISS RE LIFE & HEALTH AUSTRALIA LIMITED,2023-12-31,1.0,Submitted,FY23/24,SRLHA NZ CRD Statement_signed.pdf,1,0,Finance - Insurance,Normal companies,1.0
319,313,SYNLAIT MILK LIMITED,31-07-2024 - Select to view climate statement documents,Normal companies,,Have records and have submitted,2024,SYNLAIT MILK LIMITED,2024-07-31,,Submitted,FY24/25,Synlait_Integrated Climate Report FY24_201224_Digital v2.pdf,1,0,Agriculture,Normal companies,1.0
320,315,T&G GLOBAL LIMITED,31-12-2024 - Select to view climate statement documents,Normal companies,,Have records and have submitted,2024,T&G GLOBAL LIMITED,2024-12-31,,Submitted,FY24/25,TG_CRD_31Dec24.pdf,1,0,Agriculture,Normal companies,1.0
321,316,T&G GLOBAL LIMITED,31-12-2023 - Click to view Climate Statement/s,Normal companies,,Have records and have submitted,2023,T&G GLOBAL LIMITED,2023-12-31,,Submitted,FY23/24,TGG_ClimateRelatedDisclosure.pdf,1,0,Agriculture,Normal companies,1.0
324,321,THE A2 MILK COMPANY LIMITED,30-06-2025 - Select to view climate statement documents,Normal companies,,Have records and have submitted,2025,THE A2 MILK COMPANY LIMITED,2025-06-30,,Submitted,FY24/25,a2 Milk Company 2025 Climate Statement.pdf,1,0,Agriculture,Normal companies,1.0
325,322,THE A2 MILK COMPANY LIMITED,30-06-2024 - Select to view climate statement documents,Normal companies,,Have records and have submitted,2024,THE A2 MILK COMPANY LIMITED,2024-06-30,,Submitted,FY23/24,a2 Milk Company Climate Statement FY24.pdf,1,0,Agriculture,Normal companies,1.0
326,323,THE BANKERS INVESTMENT TRUST PLC,31-10-2024 - Select to view climate statement documents,Normal companies,,Have records and have submitted,2024,THE BANKERS INVESTMENT TRUST PLC,2024-10-31,,Submitted,FY24/25,NZ Climate letter 2024 AR.pdf,1,0,Finance - Banks,Normal companies,1.0
328,325,THE COLONIAL MOTOR COMPANY LIMITED,30-06-2024 - Select to view climate statement documents,Normal companies,,Have records and have submitted,2024,THE COLONIAL MOTOR COMPANY LIMITED,2024-06-30,,Submitted,FY23/24,Climate Statement June 2024.pdf,1,0,Other industries,Normal companies,1.0
330,326,THE COLONIAL MOTOR COMPANY LIMITED,30-06-2025 - Select to view climate statement documents,Normal companies,,Have records and have submitted,2025,THE COLONIAL MOTOR COMPANY LIMITED,2025-06-30,,Submitted,FY24/25,CMC Climate Statement FY25 FINAL.pdf,2,0,Other industries,Normal companies,1.0
331,327,THE CO-OPERATIVE BANK LIMITED,31-03-2024 - Select to view climate statement documents,Normal companies,,Have records and have submitted,2024,THE CO-OPERATIVE BANK LIMITED,2024-03-31,,Submitted,FY23/24,the-co-operative-bank_climate-report-2024-signed.pdf,1,0,Finance - Banks,Normal companies,1.0
332,329,THE CO-OPERATIVE BANK LIMITED,31-03-2025 - Select to view climate statement documents,Normal companies,,Have records and have submitted,2025,THE CO-OPERATIVE BANK LIMITED,2025-03-31,,Submitted,FY24/25,The Co-operative Climate Report 2025 - Final.pdf,1,0,Finance - Banks,Normal companies,1.0
333,330,THE HOLLARD INSURANCE COMPANY PTY LTD,30-06-2024 - Select to view climate statement documents,Normal companies,,Have records and have submitted,2024,THE HOLLARD INSURANCE COMPANY PTY LTD,2024-06-30,,Submitted,FY23/24,Hollard_NZ Climate statement.pdf,1,0,Finance - Insurance,Normal companies,1.0
334,331,THE HOLLARD INSURANCE COMPANY PTY LTD,30-06-2025 - Select to view climate statement documents,Normal companies,,Have records and have submitted,2025,THE HOLLARD INSURANCE COMPANY PTY LTD,2025-06-30,,Submitted,FY24/25,HNZ CRD Climate Statement.pdf,1,0,Finance - Insurance,Normal companies,1.0
336,333,THE HONGKONG AND SHANGHAI BANKING CORPORATION LIMITED,31-12-2023 - Click to view Climate Statement/s,Normal companies,,Have records and have submitted,2023,THE HONGKONG AND SHANGHAI BANKING CORPORATION LIMITED,2023-12-31,1.0,Submitted,FY23/24,HSBC NZ 2023 Climate Statement lodgement letter - signed.pdf,2,0,Finance - Banks,Normal companies,1.0
340,336,THE WAREHOUSE GROUP LIMITED,31-07-2024 - Select to view climate statement documents,Normal companies,,Have records and have submitted,2024,THE WAREHOUSE GROUP LIMITED,2024-07-31,,Submitted,FY24/25,5. WHS FY24 Climate-related Disclosures Report.pdf,1,0,Other industries,Normal companies,1.0
341,337,TOURISM HOLDINGS LIMITED,30-06-2024 - Select to view climate statement documents,Normal companies,,Have records and have submitted,2024,TOURISM HOLDINGS LIMITED,2024-06-30,,Submitted,FY23/24,thl FY24 Climate Statements.pdf,1,0,Other industries,Normal companies,1.0
342,338,TOURISM HOLDINGS LIMITED,30-06-2025 - Select to view climate statement documents,Normal companies,,Have records and have submitted,2025,TOURISM HOLDINGS LIMITED,2025-06-30,,Submitted,FY24/25,FY25 Climate Statements.pdf,1,0,Other industries,Normal companies,1.0
343,339,TOWER LIMITED,30-09-2024 - Select to view climate statement documents,Normal companies,,Have records and have submitted,2024,TOWER LIMITED,2024-09-30,,Submitted,FY24/25,Tower Limited Climate Statement.pdf,1,0,Finance - Insurance,Normal companies,1.0
346,342,TRANSPOWER NEW ZEALAND LIMITED,30-06-2024 - Select to view climate statement documents,Normal companies,,Have records and have submitted,2024,TRANSPOWER NEW ZEALAND LIMITED,2024-06-30,,Submitted,FY23/24,Transpower Climate Statement 2024 FINAL.pdf,1,0,Energy,Normal companies,1.0
348,343,TRANSPOWER NEW ZEALAND LIMITED,30-06-2025 - Select to view climate statement documents,Normal companies,,Have records and have submitted,2025,TRANSPOWER NEW ZEALAND LIMITED,2025-06-30,,Submitted,FY24/25,TP Climate Statement 2025 FINAL.pdf,2,0,Energy,Normal companies,1.0
349,344,TSB BANK LIMITED,31-03-2024 - Select to view climate statement documents,Normal companies,,Have records and have submitted,2024,TSB BANK LIMITED,2024-03-31,,Submitted,FY23/24,TSB Climate Statement FY24.pdf,1,0,Finance - Banks,Normal companies,1.0
350,346,TSB BANK LIMITED,31-03-2025 - Select to view climate statement documents,Normal companies,,Have records and have submitted,2025,TSB BANK LIMITED,2025-03-31,,Submitted,FY24/25,TSB Climate Statement 2025.pdf,1,0,Finance - Banks,Normal companies,1.0
351,347,TURNERS AUTOMOTIVE GROUP LIMITED,31-03-2024 - Select to view climate statement documents,Normal companies,,Have records and have submitted,2024,TURNERS AUTOMOTIVE GROUP LIMITED,2024-03-31,1.0,Submitted,FY23/24,Turners 2024 Climate Related Disclosure.pdf,1,0,Other industries,Normal companies,1.0
353,349,TURNERS AUTOMOTIVE GROUP LIMITED,31-03-2025 - Select to view climate statement documents,Normal companies,,Have records and have submitted,2025,TURNERS AUTOMOTIVE GROUP LIMITED,2025-03-31,,Submitted,FY24/25,Turners 2025 Climate-related Disclosures.pdf,2,0,Other industries,Normal companies,1.0
354,350,VECTOR LIMITED,30-06-2024 - Select to view climate statement documents,Normal companies,,Have records and have submitted,2024,VECTOR LIMITED,2024-06-30,,Submitted,FY23/24,6 Vector FY24 Climate-related disclosures.pdf,1,0,Infrastructure,Normal companies,1.0
355,351,VECTOR LIMITED,30-06-2025 - Select to view climate statement documents,Normal companies,,Have records and have submitted,2025,VECTOR LIMITED,2025-06-30,,Submitted,FY24/25,Vector's Climate-Related Disclosures 2025.pdf,2,0,Infrastructure,Normal companies,1.0
361,352,VENTIA SERVICES GROUP LIMITED,31-12-2024 - Select to view climate statement documents,Normal companies,,Have records and have submitted,2024,VENTIA SERVICES GROUP LIMITED,2024-12-31,,Submitted,FY24/25,Ventia 2024 Annual Report - NZ Companies Office lodgement.pdf,5,0,Infrastructure,Normal companies,1.0
362,353,VENTIA SERVICES GROUP LIMITED,31-12-2023 - Click to view Climate Statement/s,Normal companies,,Have records and have submitted,2023,VENTIA SERVICES GROUP LIMITED,2023-12-31,1.0,Submitted,FY23/24,Ventia - 2023 Sustainability Report.pdf,1,0,Infrastructure,Normal companies,1.0
363,355,VERO INSURANCE NEW ZEALAND LIMITED,30-06-2024 - Select to view climate statement documents,Normal companies,,Have records and have submitted,2024,VERO INSURANCE NEW ZEALAND LIMITED,2024-06-30,,Submitted,FY23/24,Vero Insurance New Zealand Limited FY24 Climate Related Disclosure - October 2024.pdf,1,0,Finance - Insurance,Normal companies,1.0
364,356,VERO INSURANCE NEW ZEALAND LIMITED,30-06-2025 - Select to view climate statement documents,Normal companies,,Have records and have submitted,2025,VERO INSURANCE NEW ZEALAND LIMITED,2025-06-30,,Submitted,FY24/25,SUN001 Vero Insurance-CRD-v23HR_Signed.pdf,1,0,Finance - Insurance,Normal companies,1.0
365,357,VISTA GROUP INTERNATIONAL LIMITED,31-12-2023 - Click to view Climate Statement/s,Normal companies,,Have records and have submitted,2023,VISTA GROUP INTERNATIONAL LIMITED,2023-12-31,1.0,Submitted,FY23/24,Vista Group 2023 Group Climate Statement.pdf,1,0,Other industries,Normal companies,1.0
366,358,VISTA GROUP INTERNATIONAL LIMITED,31-12-2024 - Select to view climate statement documents,Normal companies,,Have records and have submitted,2024,VISTA GROUP INTERNATIONAL LIMITED,2024-12-31,,Submitted,FY24/25,Vista Group 2024 Group Climate Statement.pdf,1,0,Other industries,Normal companies,1.0
367,360,VULCAN STEEL LIMITED,30-06-2024 - Select to view climate statement documents,Normal companies,,Have records and have submitted,2024,VULCAN STEEL LIMITED,2024-06-30,,Submitted,FY23/24,VSL - FY24 Annual Report FINAL.pdf,1,0,Other industries,Normal companies,1.0
368,361,VULCAN STEEL LIMITED,30-06-2025 - Select to view climate statement documents,Normal companies,,Have records and have submitted,2025,VULCAN STEEL LIMITED,2025-06-30,,Submitted,FY24/25,VSL - FY25Annual Report Combined v14.pdf,1,0,Other industries,Normal companies,1.0
369,362,WELLINGTON INTERNATIONAL AIRPORT LIMITED,31-03-2024 - Select to view climate statement documents,Normal companies,,Have records and have submitted,2024,WELLINGTON INTERNATIONAL AIRPORT LIMITED,2024-03-31,,Submitted,FY23/24,Wellington Airport Climate Related Disclosures FY24.pdf,1,0,Airport,Normal companies,1.0
370,363,WELLINGTON INTERNATIONAL AIRPORT LIMITED,31-03-2025 - Select to view climate statement documents,Normal companies,,Have records and have submitted,2025,WELLINGTON INTERNATIONAL AIRPORT LIMITED,2025-03-31,,Submitted,FY24/25,Wellington Airport Climate Related Disclosures.pdf,2,0,Airport,Normal companies,1.0
382,368,WESTPAC NEW ZEALAND LIMITED,30-09-2024 - Select to view climate statement documents,Normal companies,,Have records and have submitted,2024,WESTPAC NEW ZEALAND LIMITED,2024-09-30,,Submitted,FY24/25,WNZL Climate Report 2024.pdf,1,0,Finance - Banks,Normal companies,1.0
385,371,WINTON LAND LIMITED,30-06-2024 - Select to view climate statement documents,Normal companies,,Have records and have submitted,2024,WINTON LAND LIMITED,2024-06-30,,Submitted,FY23/24,WL0007 Winton 2024 Climate-Related Disclosures_INTERACTIVE_FINAL ART.pdf,1,0,Real Estates,Normal companies,1.0
386,372,WINTON LAND LIMITED,30-06-2025 - Select to view climate statement documents,Normal companies,,Have records and have submitted,2025,WINTON LAND LIMITED,2025-06-30,,Submitted,FY24/25,WL0010 Winton 2025 Climate-Related Disclosures_INTERACTIVE_FINAL ART_web.pdf,2,0,Real Estates,Normal companies,1.0
388,373,WORKS FINANCE (NZ) LIMITED,30-06-2024 - Select to view climate statement documents,Normal companies,,Have records and have submitted,2024,WORKS FINANCE (NZ) LIMITED,2024-06-30,,Submitted,FY23/24,Works Finance (NZ) Ltd - FY24 climate reporting.pdf,1,0,Finance - Other,Normal companies,1.0
389,374,WORKS FINANCE (NZ) LIMITED,30-06-2025 - Select to view climate statement documents,Normal companies,,Have records and have submitted,2025,WORKS FINANCE (NZ) LIMITED,2025-06-30,,Submitted,FY24/25,Works Finance (NZ) Ltd - FY25 climate reporting.pdf,1,0,Finance - Other,Normal companies,1.0
390,376,Z ENERGY LIMITED,31-12-2023 - Click to view Climate Statement/s,Normal companies,,Have records and have submitted,2023,Z ENERGY LIMITED,2023-12-31,1.0,Submitted,FY23/24,Z Climate Statements 2023 - FINAL.pdf,1,0,Energy,Normal companies,1.0
