,Link,Company Name,Text,text_new,Scheme Name,status,scheme,Due Date,Submit Date
0,https://crd-app.companiesoffice.govt.nz/dashboard/reportingentity/?id=8b6b5ca5-8394-ee11-be37-00224892b34a,AA INSURANCE LIMITED,"Reporting Period
. sort descending
Actions
There are no records to display.",There are no records to display.,,No records,Company,0,0
1,https://crd-app.companiesoffice.govt.nz/dashboard/reportingentity/?id=a96b5ca5-8394-ee11-be37-00224892b34a,AFT PHARMACEUTICALS LIMITED,"Reporting Period
. sort descending
Actions
31-03-2024 - Due by 31-07-2024",31-03-2024 - Due by 31-07-2024,,Have records but not submitted,Company,31/03/2024,31/07/2024
2,https://crd-app.companiesoffice.govt.nz/dashboard/reportingentity/?id=8d6b5ca5-8394-ee11-be37-00224892b34a,AIA NEW ZEALAND LIMITED,"Reporting Period
. sort descending
Actions
31-12-2023 - Due by 30-04-2024",31-12-2023 - Due by 30-04-2024,,Have records but not submitted,Company,31/12/2023,30/04/2024
3,https://crd-app.companiesoffice.govt.nz/dashboard/reportingentity/?id=ab6b5ca5-8394-ee11-be37-00224892b34a,AIR NEW ZEALAND LIMITED,"Reporting Period
. sort descending
Actions
There are no records to display.",There are no records to display.,,No records,Company,0,0
4,https://crd-app.companiesoffice.govt.nz/dashboard/reportingentity/?id=ad6b5ca5-8394-ee11-be37-00224892b34a,ARBORGEN HOLDINGS LIMITED,"Reporting Period
. sort descending
Actions
31-03-2024 - Due by 31-07-2024",31-03-2024 - Due by 31-07-2024,,Have records but not submitted,Company,31/03/2024,31/07/2024
5,https://crd-app.companiesoffice.govt.nz/dashboard/reportingentity/?id=af6b5ca5-8394-ee11-be37-00224892b34a,ARGOSY PROPERTY LIMITED,"Reporting Period
. sort descending
Actions
31-03-2024 - Due by 31-07-2024",31-03-2024 - Due by 31-07-2024,,Have records but not submitted,Company,31/03/2024,31/07/2024
6,https://crd-app.companiesoffice.govt.nz/dashboard/reportingentity/?id=b16b5ca5-8394-ee11-be37-00224892b34a,ARVIDA GROUP LIMITED,"Reporting Period
. sort descending
Actions
31-03-2024 - Due by 31-07-2024",31-03-2024 - Due by 31-07-2024,,Have records but not submitted,Company,31/03/2024,31/07/2024
7,https://crd-app.companiesoffice.govt.nz/dashboard/reportingentity/?id=656b5ca5-8394-ee11-be37-00224892b34a,ASB BANK LIMITED,"Reporting Period
. sort descending
Actions
There are no records to display.",There are no records to display.,,No records,Company,0,0
8,https://crd-app.companiesoffice.govt.nz/dashboard/reportingentity/?id=b36b5ca5-8394-ee11-be37-00224892b34a,ASSET PLUS LIMITED,"Reporting Period
. sort descending
Actions
31-03-2024 - Due by 31-07-2024",31-03-2024 - Due by 31-07-2024,,Have records but not submitted,Company,31/03/2024,31/07/2024
9,https://crd-app.companiesoffice.govt.nz/dashboard/reportingentity/?id=8f6b5ca5-8394-ee11-be37-00224892b34a,ASTERON LIFE LIMITED,"Reporting Period
. sort descending
Actions
There are no records to display.",There are no records to display.,,No records,Company,0,0
10,https://crd-app.companiesoffice.govt.nz/dashboard/reportingentity/?id=b56b5ca5-8394-ee11-be37-00224892b34a,AUCKLAND COUNCIL,"Reporting Period
. sort descending
Actions
There are no records to display.",There are no records to display.,,No records,Company,0,0
11,https://crd-app.companiesoffice.govt.nz/dashboard/reportingentity/?id=b76b5ca5-8394-ee11-be37-00224892b34a,AUCKLAND INTERNATIONAL AIRPORT LIMITED,"Reporting Period
. sort descending
Actions
There are no records to display.",There are no records to display.,,No records,Company,0,0
12,https://crd-app.companiesoffice.govt.nz/dashboard/reportingentity/?id=b96b5ca5-8394-ee11-be37-00224892b34a,AUSTRALIAN FOUNDATION INVESTMENT COMPANY LIMITED,"Reporting Period
. sort descending
Actions
There are no records to display.",There are no records to display.,,No records,Company,0,0
13,https://crd-app.companiesoffice.govt.nz/dashboard/reportingentity/?id=676b5ca5-8394-ee11-be37-00224892b34a,BANK OF CHINA (NEW ZEALAND) LIMITED,"Reporting Period
. sort descending
Actions
31-12-2023 - Due by 30-04-2024",31-12-2023 - Due by 30-04-2024,,Have records but not submitted,Company,31/12/2023,30/04/2024
14,https://crd-app.companiesoffice.govt.nz/dashboard/reportingentity/?id=696b5ca5-8394-ee11-be37-00224892b34a,BANK OF CHINA LIMITED,"Reporting Period
. sort descending
Actions
31-12-2023 - Due by 30-04-2024",31-12-2023 - Due by 30-04-2024,,Have records but not submitted,Company,31/12/2023,30/04/2024
15,https://crd-app.companiesoffice.govt.nz/dashboard/reportingentity/?id=bb6b5ca5-8394-ee11-be37-00224892b34a,BARRAMUNDI LIMITED,"Reporting Period
. sort descending
Actions
There are no records to display.",There are no records to display.,,No records,Company,0,0
16,https://crd-app.companiesoffice.govt.nz/dashboard/reportingentity/?id=bd6b5ca5-8394-ee11-be37-00224892b34a,BRISCOE GROUP LIMITED,"Reporting Period
. sort descending
Actions
31-01-2024 - Click to view Climate Statement/s",31-01-2024 - Click to view Climate Statement/s,,Have records and have submitted,Company,0,0
17,https://crd-app.companiesoffice.govt.nz/dashboard/reportingentity/?id=bf6b5ca5-8394-ee11-be37-00224892b34a,CDL INVESTMENTS NEW ZEALAND LIMITED,"Reporting Period
. sort descending
Actions
31-12-2023 - Click to view Climate Statement/s",31-12-2023 - Click to view Climate Statement/s,,Have records and have submitted,Company,0,0
18,https://crd-app.companiesoffice.govt.nz/dashboard/reportingentity/?id=c16b5ca5-8394-ee11-be37-00224892b34a,CHANNEL INFRASTRUCTURE NZ LIMITED,"Reporting Period
. sort descending
Actions
31-12-2023 - Click to view Climate Statement/s",31-12-2023 - Click to view Climate Statement/s,,Have records and have submitted,Company,0,0
19,https://crd-app.companiesoffice.govt.nz/dashboard/reportingentity/?id=6b6b5ca5-8394-ee11-be37-00224892b34a,CHINA CONSTRUCTION BANK (NEW ZEALAND) LIMITED,"Reporting Period
. sort descending
Actions
31-12-2023 - Due by 30-04-2024",31-12-2023 - Due by 30-04-2024,,Have records but not submitted,Company,31/12/2023,30/04/2024
20,https://crd-app.companiesoffice.govt.nz/dashboard/reportingentity/?id=6d6b5ca5-8394-ee11-be37-00224892b34a,CHINA CONSTRUCTION BANK CORPORATION,"Reporting Period
. sort descending
Actions
31-12-2023 - Due by 30-04-2024",31-12-2023 - Due by 30-04-2024,,Have records but not submitted,Company,31/12/2023,30/04/2024
21,https://crd-app.companiesoffice.govt.nz/dashboard/reportingentity/?id=c36b5ca5-8394-ee11-be37-00224892b34a,CHORUS LIMITED,"Reporting Period
. sort descending
Actions
There are no records to display.",There are no records to display.,,No records,Company,0,0
22,https://crd-app.companiesoffice.govt.nz/dashboard/reportingentity/?id=c56b5ca5-8394-ee11-be37-00224892b34a,CHRISTCHURCH CITY HOLDINGS LIMITED,"Reporting Period
. sort descending
Actions
There are no records to display.",There are no records to display.,,No records,Company,0,0
23,https://crd-app.companiesoffice.govt.nz/dashboard/reportingentity/?id=c76b5ca5-8394-ee11-be37-00224892b34a,CHRISTCHURCH INTERNATIONAL AIRPORT LIMITED,"Reporting Period
. sort descending
Actions
There are no records to display.",There are no records to display.,,No records,Company,0,0
24,https://crd-app.companiesoffice.govt.nz/dashboard/reportingentity/?id=916b5ca5-8394-ee11-be37-00224892b34a,CHUBB LIFE INSURANCE NEW ZEALAND LIMITED,"Reporting Period
. sort descending
Actions
31-12-2023 - Due by 30-04-2024",31-12-2023 - Due by 30-04-2024,,Have records but not submitted,Company,31/12/2023,30/04/2024
25,https://crd-app.companiesoffice.govt.nz/dashboard/reportingentity/?id=6f6b5ca5-8394-ee11-be37-00224892b34a,"CITIBANK, N.A.","Reporting Period
. sort descending
Actions
31-12-2023 - Due by 30-04-2024",31-12-2023 - Due by 30-04-2024,,Have records but not submitted,Company,31/12/2023,30/04/2024
26,https://crd-app.companiesoffice.govt.nz/dashboard/reportingentity/?id=716b5ca5-8394-ee11-be37-00224892b34a,COMMONWEALTH BANK OF AUSTRALIA,"Reporting Period
. sort descending
Actions
There are no records to display.",There are no records to display.,,No records,Company,0,0
27,https://crd-app.companiesoffice.govt.nz/dashboard/reportingentity/?id=c96b5ca5-8394-ee11-be37-00224892b34a,COMVITA LIMITED,"Reporting Period
. sort descending
Actions
There are no records to display.",There are no records to display.,,No records,Company,0,0
28,https://crd-app.companiesoffice.govt.nz/dashboard/reportingentity/?id=cb6b5ca5-8394-ee11-be37-00224892b34a,CONTACT ENERGY LIMITED,"Reporting Period
. sort descending
Actions
There are no records to display.",There are no records to display.,,No records,Company,0,0
29,https://crd-app.companiesoffice.govt.nz/dashboard/reportingentity/?id=736b5ca5-8394-ee11-be37-00224892b34a,COOPERATIEVE RABOBANK U.A.,"Reporting Period
. sort descending
Actions
31-12-2023 - Due by 30-04-2024",31-12-2023 - Due by 30-04-2024,,Have records but not submitted,Company,31/12/2023,30/04/2024
30,https://crd-app.companiesoffice.govt.nz/dashboard/reportingentity/?id=cd6b5ca5-8394-ee11-be37-00224892b34a,DELEGAT GROUP LIMITED,"Reporting Period
. sort descending
Actions
There are no records to display.",There are no records to display.,,No records,Company,0,0
31,https://crd-app.companiesoffice.govt.nz/dashboard/reportingentity/?id=cf6b5ca5-8394-ee11-be37-00224892b34a,EBOS GROUP LIMITED,"Reporting Period
. sort descending
Actions
There are no records to display.",There are no records to display.,,No records,Company,0,0
32,https://crd-app.companiesoffice.govt.nz/dashboard/reportingentity/?id=d16b5ca5-8394-ee11-be37-00224892b34a,EROAD LIMITED,"Reporting Period
. sort descending
Actions
31-03-2024 - Due by 31-07-2024",31-03-2024 - Due by 31-07-2024,,Have records but not submitted,Company,31/03/2024,31/07/2024
33,https://crd-app.companiesoffice.govt.nz/dashboard/reportingentity/?id=d36b5ca5-8394-ee11-be37-00224892b34a,F&C INVESTMENT TRUST PLC,"Reporting Period
. sort descending
Actions
31-12-2023 - Due by 30-04-2024",31-12-2023 - Due by 30-04-2024,,Have records but not submitted,Company,31/12/2023,30/04/2024
34,https://crd-app.companiesoffice.govt.nz/dashboard/reportingentity/?id=936b5ca5-8394-ee11-be37-00224892b34a,FIDELITY LIFE ASSURANCE COMPANY LIMITED,"Reporting Period
. sort descending
Actions
There are no records to display.",There are no records to display.,,No records,Company,0,0
35,https://crd-app.companiesoffice.govt.nz/dashboard/reportingentity/?id=d56b5ca5-8394-ee11-be37-00224892b34a,FISHER & PAYKEL HEALTHCARE CORPORATION LIMITED,"Reporting Period
. sort descending
Actions
31-03-2024 - Due by 31-07-2024",31-03-2024 - Due by 31-07-2024,,Have records but not submitted,Company,31/03/2024,31/07/2024
36,https://crd-app.companiesoffice.govt.nz/dashboard/reportingentity/?id=d76b5ca5-8394-ee11-be37-00224892b34a,FLETCHER BUILDING INDUSTRIES LIMITED,"Reporting Period
. sort descending
Actions
There are no records to display.",There are no records to display.,,No records,Company,0,0
37,https://crd-app.companiesoffice.govt.nz/dashboard/reportingentity/?id=d96b5ca5-8394-ee11-be37-00224892b34a,FLETCHER BUILDING LIMITED,"Reporting Period
. sort descending
Actions
There are no records to display.",There are no records to display.,,No records,Company,0,0
38,https://crd-app.companiesoffice.govt.nz/dashboard/reportingentity/?id=956b5ca5-8394-ee11-be37-00224892b34a,FMG INSURANCE LIMITED,"Reporting Period
. sort descending
Actions
31-03-2024 - Due by 31-07-2024",31-03-2024 - Due by 31-07-2024,,Have records but not submitted,Company,31/03/2024,31/07/2024
39,https://crd-app.companiesoffice.govt.nz/dashboard/reportingentity/?id=db6b5ca5-8394-ee11-be37-00224892b34a,FOLEY WINES LIMITED,"Reporting Period
. sort descending
Actions
There are no records to display.",There are no records to display.,,No records,Company,0,0
40,https://crd-app.companiesoffice.govt.nz/dashboard/reportingentity/?id=dd6b5ca5-8394-ee11-be37-00224892b34a,FREIGHTWAYS GROUP LIMITED,"Reporting Period
. sort descending
Actions
There are no records to display.",There are no records to display.,,No records,Company,0,0
41,https://crd-app.companiesoffice.govt.nz/dashboard/reportingentity/?id=df6b5ca5-8394-ee11-be37-00224892b34a,GENESIS ENERGY LIMITED,"Reporting Period
. sort descending
Actions
There are no records to display.",There are no records to display.,,No records,Company,0,0
42,https://crd-app.companiesoffice.govt.nz/dashboard/reportingentity/?id=e16b5ca5-8394-ee11-be37-00224892b34a,GMT BOND ISSUER LIMITED,"Reporting Period
. sort descending
Actions
31-03-2024 - Due by 31-07-2024",31-03-2024 - Due by 31-07-2024,,Have records but not submitted,Company,31/03/2024,31/07/2024
43,https://crd-app.companiesoffice.govt.nz/dashboard/reportingentity/?id=e36b5ca5-8394-ee11-be37-00224892b34a,GREEN CROSS HEALTH LIMITED,"Reporting Period
. sort descending
Actions
31-03-2024 - Due by 31-07-2024",31-03-2024 - Due by 31-07-2024,,Have records but not submitted,Company,31/03/2024,31/07/2024
44,https://crd-app.companiesoffice.govt.nz/dashboard/reportingentity/?id=756b5ca5-8394-ee11-be37-00224892b34a,HEARTLAND BANK LIMITED,"Reporting Period
. sort descending
Actions
There are no records to display.",There are no records to display.,,No records,Company,0,0
45,https://crd-app.companiesoffice.govt.nz/dashboard/reportingentity/?id=e56b5ca5-8394-ee11-be37-00224892b34a,HEARTLAND GROUP HOLDINGS LIMITED,"Reporting Period
. sort descending
Actions
There are no records to display.",There are no records to display.,,No records,Company,0,0
46,https://crd-app.companiesoffice.govt.nz/dashboard/reportingentity/?id=e76b5ca5-8394-ee11-be37-00224892b34a,HOUSING NEW ZEALAND LIMITED,"Reporting Period
. sort descending
Actions
There are no records to display.",There are no records to display.,,No records,Company,0,0
47,https://crd-app.companiesoffice.govt.nz/dashboard/reportingentity/?id=976b5ca5-8394-ee11-be37-00224892b34a,IAG NEW ZEALAND LIMITED,"Reporting Period
. sort descending
Actions
There are no records to display.",There are no records to display.,,No records,Company,0,0
48,https://crd-app.companiesoffice.govt.nz/dashboard/reportingentity/?id=e96b5ca5-8394-ee11-be37-00224892b34a,IKEGPS GROUP LIMITED,"Reporting Period
. sort descending
Actions
31-03-2024 - Due by 31-07-2024",31-03-2024 - Due by 31-07-2024,,Have records but not submitted,Company,31/03/2024,31/07/2024
49,https://crd-app.companiesoffice.govt.nz/dashboard/reportingentity/?id=776b5ca5-8394-ee11-be37-00224892b34a,INDUSTRIAL AND COMMERCIAL BANK OF CHINA (NEW ZEALAND) LIMITED,"Reporting Period
. sort descending
Actions
31-12-2023 - Due by 30-04-2024",31-12-2023 - Due by 30-04-2024,,Have records but not submitted,Company,31/12/2023,30/04/2024
50,https://crd-app.companiesoffice.govt.nz/dashboard/reportingentity/?id=796b5ca5-8394-ee11-be37-00224892b34a,INDUSTRIAL AND COMMERCIAL BANK OF CHINA LIMITED,"Reporting Period
. sort descending
Actions
31-12-2023 - Due by 30-04-2024",31-12-2023 - Due by 30-04-2024,,Have records but not submitted,Company,31/12/2023,30/04/2024
51,https://crd-app.companiesoffice.govt.nz/dashboard/reportingentity/?id=eb6b5ca5-8394-ee11-be37-00224892b34a,INFRATIL LIMITED,"Reporting Period
. sort descending
Actions
31-03-2024 - Due by 31-07-2024",31-03-2024 - Due by 31-07-2024,,Have records but not submitted,Company,31/03/2024,31/07/2024
52,https://crd-app.companiesoffice.govt.nz/dashboard/reportingentity/?id=ed6b5ca5-8394-ee11-be37-00224892b34a,INSURANCE AUSTRALIA GROUP LIMITED,"Reporting Period
. sort descending
Actions
There are no records to display.",There are no records to display.,,No records,Company,0,0
53,https://crd-app.companiesoffice.govt.nz/dashboard/reportingentity/?id=ef6b5ca5-8394-ee11-be37-00224892b34a,INVESTORE PROPERTY LIMITED,"Reporting Period
. sort descending
Actions
31-03-2024 - Due by 31-07-2024",31-03-2024 - Due by 31-07-2024,,Have records but not submitted,Company,31/03/2024,31/07/2024
54,https://crd-app.companiesoffice.govt.nz/dashboard/reportingentity/?id=7b6b5ca5-8394-ee11-be37-00224892b34a,"JPMORGAN CHASE BANK, N.A.","Reporting Period
. sort descending
Actions
31-12-2023 - Due by 30-04-2024",31-12-2023 - Due by 30-04-2024,,Have records but not submitted,Company,31/12/2023,30/04/2024
55,https://crd-app.companiesoffice.govt.nz/dashboard/reportingentity/?id=f16b5ca5-8394-ee11-be37-00224892b34a,KINGFISH LIMITED,"Reporting Period
. sort descending
Actions
31-03-2024 - Due by 31-07-2024",31-03-2024 - Due by 31-07-2024,,Have records but not submitted,Company,31/03/2024,31/07/2024
56,https://crd-app.companiesoffice.govt.nz/dashboard/reportingentity/?id=f36b5ca5-8394-ee11-be37-00224892b34a,KIWI PROPERTY GROUP LIMITED,"Reporting Period
. sort descending
Actions
31-03-2024 - Due by 31-07-2024",31-03-2024 - Due by 31-07-2024,,Have records but not submitted,Company,31/03/2024,31/07/2024
57,https://crd-app.companiesoffice.govt.nz/dashboard/reportingentity/?id=7d6b5ca5-8394-ee11-be37-00224892b34a,KIWIBANK LIMITED,"Reporting Period
. sort descending
Actions
There are no records to display.",There are no records to display.,,No records,Company,0,0
58,https://crd-app.companiesoffice.govt.nz/dashboard/reportingentity/?id=f56b5ca5-8394-ee11-be37-00224892b34a,LIVESTOCK IMPROVEMENT CORPORATION LIMITED,"Reporting Period
. sort descending
Actions
There are no records to display.",There are no records to display.,,No records,Company,0,0
59,https://crd-app.companiesoffice.govt.nz/dashboard/reportingentity/?id=f76b5ca5-8394-ee11-be37-00224892b34a,MAINFREIGHT LIMITED,"Reporting Period
. sort descending
Actions
31-03-2024 - Due by 31-07-2024",31-03-2024 - Due by 31-07-2024,,Have records but not submitted,Company,31/03/2024,31/07/2024
60,https://crd-app.companiesoffice.govt.nz/dashboard/reportingentity/?id=f96b5ca5-8394-ee11-be37-00224892b34a,MANAWA ENERGY LIMITED,"Reporting Period
. sort descending
Actions
31-03-2024 - Due by 31-07-2024",31-03-2024 - Due by 31-07-2024,,Have records but not submitted,Company,31/03/2024,31/07/2024
61,https://crd-app.companiesoffice.govt.nz/dashboard/reportingentity/?id=fb6b5ca5-8394-ee11-be37-00224892b34a,MARLIN GLOBAL LIMITED,"Reporting Period
. sort descending
Actions
There are no records to display.",There are no records to display.,,No records,Company,0,0
62,https://crd-app.companiesoffice.govt.nz/dashboard/reportingentity/?id=fd6b5ca5-8394-ee11-be37-00224892b34a,MARSDEN MARITIME HOLDINGS LIMITED,"Reporting Period
. sort descending
Actions
There are no records to display.",There are no records to display.,,No records,Company,0,0
63,https://crd-app.companiesoffice.govt.nz/dashboard/reportingentity/?id=ff6b5ca5-8394-ee11-be37-00224892b34a,MERCURY NZ LIMITED,"Reporting Period
. sort descending
Actions
There are no records to display.",There are no records to display.,,No records,Company,0,0
64,https://crd-app.companiesoffice.govt.nz/dashboard/reportingentity/?id=016c5ca5-8394-ee11-be37-00224892b34a,MERIDIAN ENERGY LIMITED,"Reporting Period
. sort descending
Actions
There are no records to display.",There are no records to display.,,No records,Company,0,0
65,https://crd-app.companiesoffice.govt.nz/dashboard/reportingentity/?id=036c5ca5-8394-ee11-be37-00224892b34a,METLIFECARE LIMITED,"Reporting Period
. sort descending
Actions
There are no records to display.",There are no records to display.,,No records,Company,0,0
66,https://crd-app.companiesoffice.govt.nz/dashboard/reportingentity/?id=056c5ca5-8394-ee11-be37-00224892b34a,MICHAEL HILL INTERNATIONAL LIMITED,"Reporting Period
. sort descending
Actions
There are no records to display.",There are no records to display.,,No records,Company,0,0
67,https://crd-app.companiesoffice.govt.nz/dashboard/reportingentity/?id=076c5ca5-8394-ee11-be37-00224892b34a,MILLENNIUM & COPTHORNE HOTELS NEW ZEALAND LIMITED,"Reporting Period
. sort descending
Actions
31-12-2023 - Click to view Climate Statement/s",31-12-2023 - Click to view Climate Statement/s,,Have records and have submitted,Company,0,0
68,https://crd-app.companiesoffice.govt.nz/dashboard/reportingentity/?id=096c5ca5-8394-ee11-be37-00224892b34a,MOVE LOGISTICS GROUP LIMITED,"Reporting Period
. sort descending
Actions
There are no records to display.",There are no records to display.,,No records,Company,0,0
69,https://crd-app.companiesoffice.govt.nz/dashboard/reportingentity/?id=7f6b5ca5-8394-ee11-be37-00224892b34a,"MUFG BANK, LTD.","Reporting Period
. sort descending
Actions
31-03-2024 - Due by 31-07-2024",31-03-2024 - Due by 31-07-2024,,Have records but not submitted,Company,31/03/2024,31/07/2024
70,https://crd-app.companiesoffice.govt.nz/dashboard/reportingentity/?id=9b6c5ca5-8394-ee11-be37-00224892b34a,NELSON BUILDING SOCIETY,"Reporting Period
. sort descending
Actions
31-03-2024 - Due by 31-07-2024",31-03-2024 - Due by 31-07-2024,,Have records but not submitted,Company,31/03/2024,31/07/2024
71,https://crd-app.companiesoffice.govt.nz/dashboard/reportingentity/?id=0b6c5ca5-8394-ee11-be37-00224892b34a,NEW ZEALAND KING SALMON INVESTMENTS LIMITED,"Reporting Period
. sort descending
Actions
31-01-2024 - Due by 31-05-2024",31-01-2024 - Due by 31-05-2024,,Have records but not submitted,Company,31/01/2024,31/05/2024
72,https://crd-app.companiesoffice.govt.nz/dashboard/reportingentity/?id=0d6c5ca5-8394-ee11-be37-00224892b34a,NEW ZEALAND LOCAL GOVERNMENT FUNDING AGENCY LIMITED,"Reporting Period
. sort descending
Actions
There are no records to display.",There are no records to display.,,No records,Company,0,0
73,https://crd-app.companiesoffice.govt.nz/dashboard/reportingentity/?id=0f6c5ca5-8394-ee11-be37-00224892b34a,NEW ZEALAND OIL & GAS LIMITED,"Reporting Period
. sort descending
Actions
There are no records to display.",There are no records to display.,,No records,Company,0,0
74,https://crd-app.companiesoffice.govt.nz/dashboard/reportingentity/?id=116c5ca5-8394-ee11-be37-00224892b34a,NEW ZEALAND RURAL LAND COMPANY LIMITED,"Reporting Period
. sort descending
Actions
31-12-2023 - Due by 30-04-2024",31-12-2023 - Due by 30-04-2024,,Have records but not submitted,Company,31/12/2023,30/04/2024
75,https://crd-app.companiesoffice.govt.nz/dashboard/reportingentity/?id=996b5ca5-8394-ee11-be37-00224892b34a,NIB NZ LIMITED,"Reporting Period
. sort descending
Actions
There are no records to display.",There are no records to display.,,No records,Company,0,0
76,https://crd-app.companiesoffice.govt.nz/dashboard/reportingentity/?id=136c5ca5-8394-ee11-be37-00224892b34a,NZME LIMITED,"Reporting Period
. sort descending
Actions
31-12-2023 - Click to view Climate Statement/s",31-12-2023 - Click to view Climate Statement/s,,Have records and have submitted,Company,0,0
77,https://crd-app.companiesoffice.govt.nz/dashboard/reportingentity/?id=156c5ca5-8394-ee11-be37-00224892b34a,NZX LIMITED,"Reporting Period
. sort descending
Actions
31-12-2023 - Click to view Climate Statement/s",31-12-2023 - Click to view Climate Statement/s,,Have records and have submitted,Company,0,0
78,https://crd-app.companiesoffice.govt.nz/dashboard/reportingentity/?id=176c5ca5-8394-ee11-be37-00224892b34a,OCEANIA HEALTHCARE LIMITED,"Reporting Period
. sort descending
Actions
31-03-2024 - Due by 31-07-2024",31-03-2024 - Due by 31-07-2024,,Have records but not submitted,Company,31/03/2024,31/07/2024
79,https://crd-app.companiesoffice.govt.nz/dashboard/reportingentity/?id=196c5ca5-8394-ee11-be37-00224892b34a,PACIFIC EDGE LIMITED,"Reporting Period
. sort descending
Actions
31-03-2024 - Due by 31-07-2024",31-03-2024 - Due by 31-07-2024,,Have records but not submitted,Company,31/03/2024,31/07/2024
80,https://crd-app.companiesoffice.govt.nz/dashboard/reportingentity/?id=9b6b5ca5-8394-ee11-be37-00224892b34a,PARTNERS LIFE LIMITED,"Reporting Period
. sort descending
Actions
31-03-2024 - Due by 31-07-2024",31-03-2024 - Due by 31-07-2024,,Have records but not submitted,Company,31/03/2024,31/07/2024
81,https://crd-app.companiesoffice.govt.nz/dashboard/reportingentity/?id=1b6c5ca5-8394-ee11-be37-00224892b34a,PGG WRIGHTSON LIMITED,"Reporting Period
. sort descending
Actions
There are no records to display.",There are no records to display.,,No records,Company,0,0
82,https://crd-app.companiesoffice.govt.nz/dashboard/reportingentity/?id=1d6c5ca5-8394-ee11-be37-00224892b34a,PORT OF TAURANGA LIMITED,"Reporting Period
. sort descending
Actions
There are no records to display.",There are no records to display.,,No records,Company,0,0
83,https://crd-app.companiesoffice.govt.nz/dashboard/reportingentity/?id=1f6c5ca5-8394-ee11-be37-00224892b34a,PRECINCT PROPERTIES NEW ZEALAND LIMITED,"Reporting Period
. sort descending
Actions
There are no records to display.",There are no records to display.,,No records,Company,0,0
84,https://crd-app.companiesoffice.govt.nz/dashboard/reportingentity/?id=216c5ca5-8394-ee11-be37-00224892b34a,PROPERTY FOR INDUSTRY LIMITED,"Reporting Period
. sort descending
Actions
31-12-2023 - Click to view Climate Statement/s",31-12-2023 - Click to view Climate Statement/s,,Have records and have submitted,Company,0,0
85,https://crd-app.companiesoffice.govt.nz/dashboard/reportingentity/?id=9d6b5ca5-8394-ee11-be37-00224892b34a,QBE INSURANCE (AUSTRALIA) LIMITED,"Reporting Period
. sort descending
Actions
31-12-2023 - Due by 30-04-2024",31-12-2023 - Due by 30-04-2024,,Have records but not submitted,Company,31/12/2023,30/04/2024
86,https://crd-app.companiesoffice.govt.nz/dashboard/reportingentity/?id=236c5ca5-8394-ee11-be37-00224892b34a,QUAYSIDE HOLDINGS LIMITED,"Reporting Period
. sort descending
Actions
There are no records to display.",There are no records to display.,,No records,Company,0,0
87,https://crd-app.companiesoffice.govt.nz/dashboard/reportingentity/?id=816b5ca5-8394-ee11-be37-00224892b34a,RABOBANK NEW ZEALAND LIMITED,"Reporting Period
. sort descending
Actions
31-12-2023 - Due by 30-04-2024",31-12-2023 - Due by 30-04-2024,,Have records but not submitted,Company,31/12/2023,30/04/2024
88,https://crd-app.companiesoffice.govt.nz/dashboard/reportingentity/?id=256c5ca5-8394-ee11-be37-00224892b34a,RADIUS RESIDENTIAL CARE LIMITED,"Reporting Period
. sort descending
Actions
31-03-2024 - Due by 31-07-2024",31-03-2024 - Due by 31-07-2024,,Have records but not submitted,Company,31/03/2024,31/07/2024
89,https://crd-app.companiesoffice.govt.nz/dashboard/reportingentity/?id=276c5ca5-8394-ee11-be37-00224892b34a,RAKON LIMITED,"Reporting Period
. sort descending
Actions
31-03-2024 - Due by 31-07-2024",31-03-2024 - Due by 31-07-2024,,Have records but not submitted,Company,31/03/2024,31/07/2024
90,https://crd-app.companiesoffice.govt.nz/dashboard/reportingentity/?id=9f6b5ca5-8394-ee11-be37-00224892b34a,RESOLUTION LIFE AUSTRALASIA LIMITED,"Reporting Period
. sort descending
Actions
31-12-2023 - Due by 30-04-2024",31-12-2023 - Due by 30-04-2024,,Have records but not submitted,Company,31/12/2023,30/04/2024
91,https://crd-app.companiesoffice.govt.nz/dashboard/reportingentity/?id=296c5ca5-8394-ee11-be37-00224892b34a,RESTAURANT BRANDS NEW ZEALAND LIMITED,"Reporting Period
. sort descending
Actions
31-12-2023 - Due by 30-04-2024",31-12-2023 - Due by 30-04-2024,,Have records but not submitted,Company,31/12/2023,30/04/2024
92,https://crd-app.companiesoffice.govt.nz/dashboard/reportingentity/?id=2b6c5ca5-8394-ee11-be37-00224892b34a,RYMAN HEALTHCARE LIMITED,"Reporting Period
. sort descending
Actions
31-03-2024 - Due by 31-07-2024",31-03-2024 - Due by 31-07-2024,,Have records but not submitted,Company,31/03/2024,31/07/2024
93,https://crd-app.companiesoffice.govt.nz/dashboard/reportingentity/?id=2d6c5ca5-8394-ee11-be37-00224892b34a,SCALES CORPORATION LIMITED,"Reporting Period
. sort descending
Actions
31-12-2023 - Due by 30-04-2024",31-12-2023 - Due by 30-04-2024,,Have records but not submitted,Company,31/12/2023,30/04/2024
94,https://crd-app.companiesoffice.govt.nz/dashboard/reportingentity/?id=2f6c5ca5-8394-ee11-be37-00224892b34a,SEEKA LIMITED,"Reporting Period
. sort descending
Actions
31-12-2023 - Click to view Climate Statement/s",31-12-2023 - Click to view Climate Statement/s,,Have records and have submitted,Company,0,0
95,https://crd-app.companiesoffice.govt.nz/dashboard/reportingentity/?id=316c5ca5-8394-ee11-be37-00224892b34a,SERKO LIMITED,"Reporting Period
. sort descending
Actions
31-03-2024 - Due by 31-07-2024",31-03-2024 - Due by 31-07-2024,,Have records but not submitted,Company,31/03/2024,31/07/2024
96,https://crd-app.companiesoffice.govt.nz/dashboard/reportingentity/?id=336c5ca5-8394-ee11-be37-00224892b34a,SKELLERUP HOLDINGS LIMITED,"Reporting Period
. sort descending
Actions
There are no records to display.",There are no records to display.,,No records,Company,0,0
97,https://crd-app.companiesoffice.govt.nz/dashboard/reportingentity/?id=356c5ca5-8394-ee11-be37-00224892b34a,SKY NETWORK TELEVISION LIMITED,"Reporting Period
. sort descending
Actions
There are no records to display.",There are no records to display.,,No records,Company,0,0
98,https://crd-app.companiesoffice.govt.nz/dashboard/reportingentity/?id=376c5ca5-8394-ee11-be37-00224892b34a,SKYCITY ENTERTAINMENT GROUP LIMITED,"Reporting Period
. sort descending
Actions
There are no records to display.",There are no records to display.,,No records,Company,0,0
99,https://crd-app.companiesoffice.govt.nz/dashboard/reportingentity/?id=396c5ca5-8394-ee11-be37-00224892b34a,SMARTPAY HOLDINGS LIMITED,"Reporting Period
. sort descending
Actions
31-03-2024 - Due by 31-07-2024",31-03-2024 - Due by 31-07-2024,,Have records but not submitted,Company,31/03/2024,31/07/2024
100,https://crd-app.companiesoffice.govt.nz/dashboard/reportingentity/?id=3b6c5ca5-8394-ee11-be37-00224892b34a,SOUTH PORT NEW ZEALAND LIMITED,"Reporting Period
. sort descending
Actions
There are no records to display.",There are no records to display.,,No records,Company,0,0
101,https://crd-app.companiesoffice.govt.nz/dashboard/reportingentity/?id=a16b5ca5-8394-ee11-be37-00224892b34a,SOUTHERN CROSS MEDICAL CARE SOCIETY,"Reporting Period
. sort descending
Actions
There are no records to display.",There are no records to display.,,No records,Company,0,0
102,https://crd-app.companiesoffice.govt.nz/dashboard/reportingentity/?id=836b5ca5-8394-ee11-be37-00224892b34a,SOUTHLAND BUILDING SOCIETY,"Reporting Period
. sort descending
Actions
31-03-2024 - Due by 31-07-2024",31-03-2024 - Due by 31-07-2024,,Have records but not submitted,Company,31/03/2024,31/07/2024
103,https://crd-app.companiesoffice.govt.nz/dashboard/reportingentity/?id=3d6c5ca5-8394-ee11-be37-00224892b34a,SPARK FINANCE LIMITED,"Reporting Period
. sort descending
Actions
There are no records to display.",There are no records to display.,,No records,Company,0,0
104,https://crd-app.companiesoffice.govt.nz/dashboard/reportingentity/?id=3f6c5ca5-8394-ee11-be37-00224892b34a,SPARK NEW ZEALAND LIMITED,"Reporting Period
. sort descending
Actions
There are no records to display.",There are no records to display.,,No records,Company,0,0
105,https://crd-app.companiesoffice.govt.nz/dashboard/reportingentity/?id=416c5ca5-8394-ee11-be37-00224892b34a,STEEL & TUBE HOLDINGS LIMITED,"Reporting Period
. sort descending
Actions
There are no records to display.",There are no records to display.,,No records,Company,0,0
106,https://crd-app.companiesoffice.govt.nz/dashboard/reportingentity/?id=436c5ca5-8394-ee11-be37-00224892b34a,STRIDE INVESTMENT MANAGEMENT LIMITED,"Reporting Period
. sort descending
Actions
31-03-2024 - Due by 31-07-2024",31-03-2024 - Due by 31-07-2024,,Have records but not submitted,Company,31/03/2024,31/07/2024
107,https://crd-app.companiesoffice.govt.nz/dashboard/reportingentity/?id=456c5ca5-8394-ee11-be37-00224892b34a,STRIDE PROPERTY LIMITED,"Reporting Period
. sort descending
Actions
31-03-2024 - Due by 31-07-2024",31-03-2024 - Due by 31-07-2024,,Have records but not submitted,Company,31/03/2024,31/07/2024
108,https://crd-app.companiesoffice.govt.nz/dashboard/reportingentity/?id=476c5ca5-8394-ee11-be37-00224892b34a,SUMMERSET GROUP HOLDINGS LIMITED,"Reporting Period
. sort descending
Actions
31-12-2023 - Click to view Climate Statement/s",31-12-2023 - Click to view Climate Statement/s,,Have records and have submitted,Company,0,0
109,https://crd-app.companiesoffice.govt.nz/dashboard/reportingentity/?id=a36b5ca5-8394-ee11-be37-00224892b34a,SWISS RE LIFE & HEALTH AUSTRALIA LIMITED,"Reporting Period
. sort descending
Actions
31-12-2023 - Due by 30-04-2024",31-12-2023 - Due by 30-04-2024,,Have records but not submitted,Company,31/12/2023,30/04/2024
110,https://crd-app.companiesoffice.govt.nz/dashboard/reportingentity/?id=496c5ca5-8394-ee11-be37-00224892b34a,T&G GLOBAL LIMITED,"Reporting Period
. sort descending
Actions
31-12-2023 - Click to view Climate Statement/s",31-12-2023 - Click to view Climate Statement/s,,Have records and have submitted,Company,0,0
111,https://crd-app.companiesoffice.govt.nz/dashboard/reportingentity/?id=4b6c5ca5-8394-ee11-be37-00224892b34a,TEMPLETON EMERGING MARKETS INVESTMENT TRUST PUBLIC LIMITED COMPANY,"Reporting Period
. sort descending
Actions
31-03-2024 - Due by 31-07-2024",31-03-2024 - Due by 31-07-2024,,Have records but not submitted,Company,31/03/2024,31/07/2024
112,https://crd-app.companiesoffice.govt.nz/dashboard/reportingentity/?id=4d6c5ca5-8394-ee11-be37-00224892b34a,THE A2 MILK COMPANY LIMITED,"Reporting Period
. sort descending
Actions
There are no records to display.",There are no records to display.,,No records,Company,0,0
113,https://crd-app.companiesoffice.govt.nz/dashboard/reportingentity/?id=4f6c5ca5-8394-ee11-be37-00224892b34a,THE CITY OF LONDON INVESTMENT TRUST PLC,"Reporting Period
. sort descending
Actions
There are no records to display.",There are no records to display.,,No records,Company,0,0
114,https://crd-app.companiesoffice.govt.nz/dashboard/reportingentity/?id=516c5ca5-8394-ee11-be37-00224892b34a,THE COLONIAL MOTOR COMPANY LIMITED,"Reporting Period
. sort descending
Actions
There are no records to display.",There are no records to display.,,No records,Company,0,0
115,https://crd-app.companiesoffice.govt.nz/dashboard/reportingentity/?id=856b5ca5-8394-ee11-be37-00224892b34a,THE CO-OPERATIVE BANK LIMITED,"Reporting Period
. sort descending
Actions
31-03-2024 - Due by 31-07-2024",31-03-2024 - Due by 31-07-2024,,Have records but not submitted,Company,31/03/2024,31/07/2024
116,https://crd-app.companiesoffice.govt.nz/dashboard/reportingentity/?id=a56b5ca5-8394-ee11-be37-00224892b34a,THE HOLLARD INSURANCE COMPANY PTY LTD,"Reporting Period
. sort descending
Actions
There are no records to display.",There are no records to display.,,No records,Company,0,0
117,https://crd-app.companiesoffice.govt.nz/dashboard/reportingentity/?id=876b5ca5-8394-ee11-be37-00224892b34a,THE HONGKONG AND SHANGHAI BANKING CORPORATION LIMITED,"Reporting Period
. sort descending
Actions
31-12-2023 - Due by 30-04-2024",31-12-2023 - Due by 30-04-2024,,Have records but not submitted,Company,31/12/2023,30/04/2024
118,https://crd-app.companiesoffice.govt.nz/dashboard/reportingentity/?id=536c5ca5-8394-ee11-be37-00224892b34a,TOURISM HOLDINGS LIMITED,"Reporting Period
. sort descending
Actions
There are no records to display.",There are no records to display.,,No records,Company,0,0
119,https://crd-app.companiesoffice.govt.nz/dashboard/reportingentity/?id=556c5ca5-8394-ee11-be37-00224892b34a,TRANSPOWER NEW ZEALAND LIMITED,"Reporting Period
. sort descending
Actions
There are no records to display.",There are no records to display.,,No records,Company,0,0
120,https://crd-app.companiesoffice.govt.nz/dashboard/reportingentity/?id=896b5ca5-8394-ee11-be37-00224892b34a,TSB BANK LIMITED,"Reporting Period
. sort descending
Actions
31-03-2024 - Due by 31-07-2024",31-03-2024 - Due by 31-07-2024,,Have records but not submitted,Company,31/03/2024,31/07/2024
121,https://crd-app.companiesoffice.govt.nz/dashboard/reportingentity/?id=576c5ca5-8394-ee11-be37-00224892b34a,TURNERS AUTOMOTIVE GROUP LIMITED,"Reporting Period
. sort descending
Actions
31-03-2024 - Due by 31-07-2024",31-03-2024 - Due by 31-07-2024,,Have records but not submitted,Company,31/03/2024,31/07/2024
122,https://crd-app.companiesoffice.govt.nz/dashboard/reportingentity/?id=596c5ca5-8394-ee11-be37-00224892b34a,VECTOR LIMITED,"Reporting Period
. sort descending
Actions
There are no records to display.",There are no records to display.,,No records,Company,0,0
123,https://crd-app.companiesoffice.govt.nz/dashboard/reportingentity/?id=5b6c5ca5-8394-ee11-be37-00224892b34a,VENTIA SERVICES GROUP LIMITED,"Reporting Period
. sort descending
Actions
31-12-2023 - Due by 30-04-2024",31-12-2023 - Due by 30-04-2024,,Have records but not submitted,Company,31/12/2023,30/04/2024
124,https://crd-app.companiesoffice.govt.nz/dashboard/reportingentity/?id=a76b5ca5-8394-ee11-be37-00224892b34a,VERO INSURANCE NEW ZEALAND LIMITED,"Reporting Period
. sort descending
Actions
There are no records to display.",There are no records to display.,,No records,Company,0,0
125,https://crd-app.companiesoffice.govt.nz/dashboard/reportingentity/?id=5d6c5ca5-8394-ee11-be37-00224892b34a,VISTA GROUP INTERNATIONAL LIMITED,"Reporting Period
. sort descending
Actions
31-12-2023 - Due by 30-04-2024",31-12-2023 - Due by 30-04-2024,,Have records but not submitted,Company,31/12/2023,30/04/2024
126,https://crd-app.companiesoffice.govt.nz/dashboard/reportingentity/?id=5f6c5ca5-8394-ee11-be37-00224892b34a,VULCAN STEEL LIMITED,"Reporting Period
. sort descending
Actions
There are no records to display.",There are no records to display.,,No records,Company,0,0
127,https://crd-app.companiesoffice.govt.nz/dashboard/reportingentity/?id=616c5ca5-8394-ee11-be37-00224892b34a,WELLINGTON INTERNATIONAL AIRPORT LIMITED,"Reporting Period
. sort descending
Actions
31-03-2024 - Due by 31-07-2024",31-03-2024 - Due by 31-07-2024,,Have records but not submitted,Company,31/03/2024,31/07/2024
128,https://crd-app.companiesoffice.govt.nz/dashboard/reportingentity/?id=636c5ca5-8394-ee11-be37-00224892b34a,WINTON LAND LIMITED,"Reporting Period
. sort descending
Actions
There are no records to display.",There are no records to display.,,No records,Company,0,0
129,https://crd-app.companiesoffice.govt.nz/dashboard/reportingentity/?id=656c5ca5-8394-ee11-be37-00224892b34a,WORKS FINANCE (NZ) LIMITED,"Reporting Period
. sort descending
Actions
There are no records to display.",There are no records to display.,,No records,Company,0,0
130,https://crd-app.companiesoffice.govt.nz/dashboard/reportingentity/?id=676c5ca5-8394-ee11-be37-00224892b34a,Z ENERGY LIMITED,"Reporting Period
. sort descending
Actions
31-12-2023 - Click to view Climate Statement/s",31-12-2023 - Click to view Climate Statement/s,,Have records and have submitted,Company,0,0
131,https://crd-app.companiesoffice.govt.nz/dashboard/reportingentity/scheme/?id=ff5ba035-8a94-ee11-be37-00224892b34a&refentity=mbie_reportingentity&refid=696c5ca5-8394-ee11-be37-00224892b34a&refrel=mbie_Scheme_ReportingEntityId_mbie_Report,AMP WEALTH MANAGEMENT NEW ZEALAND LIMITED,"Reporting Period
. sort descending
Actions
31-03-2024 - Due by 31-07-2024",31-03-2024 - Due by 31-07-2024,AMP INVESTMENT TRUST (SCH10721),Have records but not submitted,Investment Scheme,31/03/2024,31/07/2024
132,https://crd-app.companiesoffice.govt.nz/dashboard/reportingentity/scheme/?id=fd5ba035-8a94-ee11-be37-00224892b34a&refentity=mbie_reportingentity&refid=696c5ca5-8394-ee11-be37-00224892b34a&refrel=mbie_Scheme_ReportingEntityId_mbie_Report,AMP WEALTH MANAGEMENT NEW ZEALAND LIMITED,"Reporting Period
. sort descending
Actions
31-03-2024 - Due by 31-07-2024",31-03-2024 - Due by 31-07-2024,AMP KIWISAVER SCHEME (SCH10367),Have records but not submitted,Investment Scheme,31/03/2024,31/07/2024
133,https://crd-app.companiesoffice.govt.nz/dashboard/reportingentity/scheme/?id=095ca035-8a94-ee11-be37-00224892b34a&refentity=mbie_reportingentity&refid=696c5ca5-8394-ee11-be37-00224892b34a&refrel=mbie_Scheme_ReportingEntityId_mbie_Report,AMP WEALTH MANAGEMENT NEW ZEALAND LIMITED,"Reporting Period
. sort descending
Actions
31-03-2024 - Due by 31-07-2024",31-03-2024 - Due by 31-07-2024,AMP MANAGED FUNDS (SCH13265),Have records but not submitted,Investment Scheme,31/03/2024,31/07/2024
134,https://crd-app.companiesoffice.govt.nz/dashboard/reportingentity/scheme/?id=035ca035-8a94-ee11-be37-00224892b34a&refentity=mbie_reportingentity&refid=696c5ca5-8394-ee11-be37-00224892b34a&refrel=mbie_Scheme_ReportingEntityId_mbie_Report,AMP WEALTH MANAGEMENT NEW ZEALAND LIMITED,"Reporting Period
. sort descending
Actions
31-03-2024 - Due by 31-07-2024",31-03-2024 - Due by 31-07-2024,AMP PASSIVE PERSONAL RETIREMENT PLAN - INTERNATIONAL PASSIVE SHARES INVESTMENT FUND (SCH10821),Have records but not submitted,Investment Scheme,31/03/2024,31/07/2024
135,https://crd-app.companiesoffice.govt.nz/dashboard/reportingentity/scheme/?id=055ca035-8a94-ee11-be37-00224892b34a&refentity=mbie_reportingentity&refid=696c5ca5-8394-ee11-be37-00224892b34a&refrel=mbie_Scheme_ReportingEntityId_mbie_Report,AMP WEALTH MANAGEMENT NEW ZEALAND LIMITED,"Reporting Period
. sort descending
Actions
31-03-2024 - Due by 31-07-2024",31-03-2024 - Due by 31-07-2024,AMP PASSIVE PERSONAL RETIREMENT PLAN - NEW ZEALAND PASSIVE SHARES INVESTMENT FUND (SCH10822),Have records but not submitted,Investment Scheme,31/03/2024,31/07/2024
136,https://crd-app.companiesoffice.govt.nz/dashboard/reportingentity/scheme/?id=015ca035-8a94-ee11-be37-00224892b34a&refentity=mbie_reportingentity&refid=696c5ca5-8394-ee11-be37-00224892b34a&refrel=mbie_Scheme_ReportingEntityId_mbie_Report,AMP WEALTH MANAGEMENT NEW ZEALAND LIMITED,"Reporting Period
. sort descending
Actions
31-03-2024 - Due by 31-07-2024",31-03-2024 - Due by 31-07-2024,AMP PERSONAL RETIREMENT PLAN (SCH10820),Have records but not submitted,Investment Scheme,31/03/2024,31/07/2024
137,https://crd-app.companiesoffice.govt.nz/dashboard/reportingentity/scheme/?id=075ca035-8a94-ee11-be37-00224892b34a&refentity=mbie_reportingentity&refid=696c5ca5-8394-ee11-be37-00224892b34a&refrel=mbie_Scheme_ReportingEntityId_mbie_Report,AMP WEALTH MANAGEMENT NEW ZEALAND LIMITED,"Reporting Period
. sort descending
Actions
There are no records to display.",There are no records to display.,NEW ZEALAND RETIREMENT TRUST (SCH10911),No records,Investment Scheme,0,0
138,https://crd-app.companiesoffice.govt.nz/dashboard/reportingentity/scheme/?id=0b5ca035-8a94-ee11-be37-00224892b34a&refentity=mbie_reportingentity&refid=6b6c5ca5-8394-ee11-be37-00224892b34a&refrel=mbie_Scheme_ReportingEntityId_mbie_Report,ANZ INVESTMENT SERVICES (NEW ZEALAND) LIMITED,"Reporting Period
. sort descending
Actions
31-03-2024 - Due by 31-07-2024",31-03-2024 - Due by 31-07-2024,BONUS BONDS SCHEME (SCH11094),Have records but not submitted,Investment Scheme,31/03/2024,31/07/2024
139,https://crd-app.companiesoffice.govt.nz/dashboard/reportingentity/scheme/?id=115ca035-8a94-ee11-be37-00224892b34a&refentity=mbie_reportingentity&refid=6d6c5ca5-8394-ee11-be37-00224892b34a&refrel=mbie_Scheme_ReportingEntityId_mbie_Report,ANZ NEW ZEALAND INVESTMENTS LIMITED,"Reporting Period
. sort descending
Actions
31-03-2024 - Due by 31-07-2024",31-03-2024 - Due by 31-07-2024,ANZ DEFAULT KIWISAVER SCHEME (SCH11063),Have records but not submitted,Investment Scheme,31/03/2024,31/07/2024
140,https://crd-app.companiesoffice.govt.nz/dashboard/reportingentity/scheme/?id=135ca035-8a94-ee11-be37-00224892b34a&refentity=mbie_reportingentity&refid=6d6c5ca5-8394-ee11-be37-00224892b34a&refrel=mbie_Scheme_ReportingEntityId_mbie_Report,ANZ NEW ZEALAND INVESTMENTS LIMITED,"Reporting Period
. sort descending
Actions
There are no records to display.",There are no records to display.,ANZ INVESTMENTS MULTI-ASSET-CLASS SCHEME (MARKETED AS THE ANZ INVESTMENT FUNDS AND ONEANSWER MULTI-ASSET-CLASS FUNDS) (SCH11064),No records,Investment Scheme,0,0
141,https://crd-app.companiesoffice.govt.nz/dashboard/reportingentity/scheme/?id=155ca035-8a94-ee11-be37-00224892b34a&refentity=mbie_reportingentity&refid=6d6c5ca5-8394-ee11-be37-00224892b34a&refrel=mbie_Scheme_ReportingEntityId_mbie_Report,ANZ NEW ZEALAND INVESTMENTS LIMITED,"Reporting Period
. sort descending
Actions
31-03-2024 - Due by 31-07-2024",31-03-2024 - Due by 31-07-2024,ANZ INVESTMENTS SINGLE-ASSET-CLASS SCHEME (MARKETED AS THE ONEANSWER SINGLE-ASSET-CLASS FUNDS) (SCH11065),Have records but not submitted,Investment Scheme,31/03/2024,31/07/2024
142,https://crd-app.companiesoffice.govt.nz/dashboard/reportingentity/scheme/?id=0f5ca035-8a94-ee11-be37-00224892b34a&refentity=mbie_reportingentity&refid=6d6c5ca5-8394-ee11-be37-00224892b34a&refrel=mbie_Scheme_ReportingEntityId_mbie_Report,ANZ NEW ZEALAND INVESTMENTS LIMITED,"Reporting Period
. sort descending
Actions
31-03-2024 - Due by 31-07-2024",31-03-2024 - Due by 31-07-2024,ANZ KIWISAVER SCHEME (SCH11062),Have records but not submitted,Investment Scheme,31/03/2024,31/07/2024
143,https://crd-app.companiesoffice.govt.nz/dashboard/reportingentity/scheme/?id=0d5ca035-8a94-ee11-be37-00224892b34a&refentity=mbie_reportingentity&refid=6d6c5ca5-8394-ee11-be37-00224892b34a&refrel=mbie_Scheme_ReportingEntityId_mbie_Report,ANZ NEW ZEALAND INVESTMENTS LIMITED,"Reporting Period
. sort descending
Actions
31-03-2024 - Due by 31-07-2024",31-03-2024 - Due by 31-07-2024,ONEANSWER KIWISAVER SCHEME (SCH11061),Have records but not submitted,Investment Scheme,31/03/2024,31/07/2024
144,https://crd-app.companiesoffice.govt.nz/dashboard/reportingentity/scheme/?id=195ca035-8a94-ee11-be37-00224892b34a&refentity=mbie_reportingentity&refid=6f6c5ca5-8394-ee11-be37-00224892b34a&refrel=mbie_Scheme_ReportingEntityId_mbie_Report,ASB GROUP INVESTMENTS LIMITED,"Reporting Period
. sort descending
Actions
31-03-2024 - Due by 31-07-2024",31-03-2024 - Due by 31-07-2024,ASB INVESTMENT FUNDS (SCH10685),Have records but not submitted,Investment Scheme,31/03/2024,31/07/2024
145,https://crd-app.companiesoffice.govt.nz/dashboard/reportingentity/scheme/?id=175ca035-8a94-ee11-be37-00224892b34a&refentity=mbie_reportingentity&refid=6f6c5ca5-8394-ee11-be37-00224892b34a&refrel=mbie_Scheme_ReportingEntityId_mbie_Report,ASB GROUP INVESTMENTS LIMITED,"Reporting Period
. sort descending
Actions
31-03-2024 - Due by 31-07-2024",31-03-2024 - Due by 31-07-2024,ASB KIWISAVER SCHEME (SCH10678),Have records but not submitted,Investment Scheme,31/03/2024,31/07/2024
146,https://crd-app.companiesoffice.govt.nz/dashboard/reportingentity/scheme/?id=1b5ca035-8a94-ee11-be37-00224892b34a&refentity=mbie_reportingentity&refid=716c5ca5-8394-ee11-be37-00224892b34a&refrel=mbie_Scheme_ReportingEntityId_mbie_Report,BNZ INVESTMENT SERVICES LIMITED,"Reporting Period
. sort descending
Actions
31-03-2024 - Due by 31-07-2024",31-03-2024 - Due by 31-07-2024,BNZ KIWISAVER SCHEME (SCH10701),Have records but not submitted,Investment Scheme,31/03/2024,31/07/2024
147,https://crd-app.companiesoffice.govt.nz/dashboard/reportingentity/scheme/?id=1d5ca035-8a94-ee11-be37-00224892b34a&refentity=mbie_reportingentity&refid=716c5ca5-8394-ee11-be37-00224892b34a&refrel=mbie_Scheme_ReportingEntityId_mbie_Report,BNZ INVESTMENT SERVICES LIMITED,"Reporting Period
. sort descending
Actions
31-03-2024 - Due by 31-07-2024",31-03-2024 - Due by 31-07-2024,PRIVATE WEALTH SERIES (SCH11384),Have records but not submitted,Investment Scheme,31/03/2024,31/07/2024
148,https://crd-app.companiesoffice.govt.nz/dashboard/reportingentity/scheme/?id=1f5ca035-8a94-ee11-be37-00224892b34a&refentity=mbie_reportingentity&refid=716c5ca5-8394-ee11-be37-00224892b34a&refrel=mbie_Scheme_ReportingEntityId_mbie_Report,BNZ INVESTMENT SERVICES LIMITED,"Reporting Period
. sort descending
Actions
31-03-2024 - Due by 31-07-2024",31-03-2024 - Due by 31-07-2024,YOUWEALTH (SCH12341),Have records but not submitted,Investment Scheme,31/03/2024,31/07/2024
149,https://crd-app.companiesoffice.govt.nz/dashboard/reportingentity/scheme/?id=295ca035-8a94-ee11-be37-00224892b34a&refentity=mbie_reportingentity&refid=736c5ca5-8394-ee11-be37-00224892b34a&refrel=mbie_Scheme_ReportingEntityId_mbie_Report,BOOSTER INVESTMENT MANAGEMENT LIMITED,"Reporting Period
. sort descending
Actions
31-03-2024 - Due by 31-07-2024",31-03-2024 - Due by 31-07-2024,BOOSTER INNOVATION SCHEME (SCH13202),Have records but not submitted,Investment Scheme,31/03/2024,31/07/2024
150,https://crd-app.companiesoffice.govt.nz/dashboard/reportingentity/scheme/?id=235ca035-8a94-ee11-be37-00224892b34a&refentity=mbie_reportingentity&refid=736c5ca5-8394-ee11-be37-00224892b34a&refrel=mbie_Scheme_ReportingEntityId_mbie_Report,BOOSTER INVESTMENT MANAGEMENT LIMITED,"Reporting Period
. sort descending
Actions
31-03-2024 - Due by 31-07-2024",31-03-2024 - Due by 31-07-2024,BOOSTER INVESTMENT SCHEME (SCH10844),Have records but not submitted,Investment Scheme,31/03/2024,31/07/2024
151,https://crd-app.companiesoffice.govt.nz/dashboard/reportingentity/scheme/?id=275ca035-8a94-ee11-be37-00224892b34a&refentity=mbie_reportingentity&refid=736c5ca5-8394-ee11-be37-00224892b34a&refrel=mbie_Scheme_ReportingEntityId_mbie_Report,BOOSTER INVESTMENT MANAGEMENT LIMITED,"Reporting Period
. sort descending
Actions
31-03-2024 - Due by 31-07-2024",31-03-2024 - Due by 31-07-2024,BOOSTER INVESTMENT SCHEME 2 (SCH12548),Have records but not submitted,Investment Scheme,31/03/2024,31/07/2024
152,https://crd-app.companiesoffice.govt.nz/dashboard/reportingentity/scheme/?id=215ca035-8a94-ee11-be37-00224892b34a&refentity=mbie_reportingentity&refid=736c5ca5-8394-ee11-be37-00224892b34a&refrel=mbie_Scheme_ReportingEntityId_mbie_Report,BOOSTER INVESTMENT MANAGEMENT LIMITED,"Reporting Period
. sort descending
Actions
31-03-2024 - Due by 31-07-2024",31-03-2024 - Due by 31-07-2024,BOOSTER KIWISAVER SCHEME (SCH10841),Have records but not submitted,Investment Scheme,31/03/2024,31/07/2024
153,https://crd-app.companiesoffice.govt.nz/dashboard/reportingentity/scheme/?id=2b5ca035-8a94-ee11-be37-00224892b34a&refentity=mbie_reportingentity&refid=736c5ca5-8394-ee11-be37-00224892b34a&refrel=mbie_Scheme_ReportingEntityId_mbie_Report,BOOSTER INVESTMENT MANAGEMENT LIMITED,"Reporting Period
. sort descending
Actions
31-03-2024 - Due by 31-07-2024",31-03-2024 - Due by 31-07-2024,BOOSTER SAVVY SCHEME (SCH13546),Have records but not submitted,Investment Scheme,31/03/2024,31/07/2024
154,https://crd-app.companiesoffice.govt.nz/dashboard/reportingentity/scheme/?id=255ca035-8a94-ee11-be37-00224892b34a&refentity=mbie_reportingentity&refid=736c5ca5-8394-ee11-be37-00224892b34a&refrel=mbie_Scheme_ReportingEntityId_mbie_Report,BOOSTER INVESTMENT MANAGEMENT LIMITED,"Reporting Period
. sort descending
Actions
31-03-2024 - Due by 31-07-2024",31-03-2024 - Due by 31-07-2024,BOOSTER SUPERSCHEME (SCH11323),Have records but not submitted,Investment Scheme,31/03/2024,31/07/2024
155,https://crd-app.companiesoffice.govt.nz/dashboard/reportingentity/scheme/?id=2d5ca035-8a94-ee11-be37-00224892b34a&refentity=mbie_reportingentity&refid=756c5ca5-8394-ee11-be37-00224892b34a&refrel=mbie_Scheme_ReportingEntityId_mbie_Report,BT FUNDS MANAGEMENT (NZ) LIMITED,"Reporting Period
. sort descending
Actions
31-03-2024 - Due by 31-07-2024",31-03-2024 - Due by 31-07-2024,WESTPAC ACTIVE SERIES (SCH10564),Have records but not submitted,Investment Scheme,31/03/2024,31/07/2024
156,https://crd-app.companiesoffice.govt.nz/dashboard/reportingentity/scheme/?id=2f5ca035-8a94-ee11-be37-00224892b34a&refentity=mbie_reportingentity&refid=756c5ca5-8394-ee11-be37-00224892b34a&refrel=mbie_Scheme_ReportingEntityId_mbie_Report,BT FUNDS MANAGEMENT (NZ) LIMITED,"Reporting Period
. sort descending
Actions
31-03-2024 - Due by 31-07-2024",31-03-2024 - Due by 31-07-2024,WESTPAC KIWISAVER SCHEME (SCH10585),Have records but not submitted,Investment Scheme,31/03/2024,31/07/2024
157,https://crd-app.companiesoffice.govt.nz/dashboard/reportingentity/scheme/?id=315ca035-8a94-ee11-be37-00224892b34a&refentity=mbie_reportingentity&refid=756c5ca5-8394-ee11-be37-00224892b34a&refrel=mbie_Scheme_ReportingEntityId_mbie_Report,BT FUNDS MANAGEMENT (NZ) LIMITED,"Reporting Period
. sort descending
Actions
31-03-2024 - Due by 31-07-2024",31-03-2024 - Due by 31-07-2024,WESTPAC PREMIUM INVESTMENT FUNDS (SCH10817),Have records but not submitted,Investment Scheme,31/03/2024,31/07/2024
158,https://crd-app.companiesoffice.govt.nz/dashboard/reportingentity/scheme/?id=335ca035-8a94-ee11-be37-00224892b34a&refentity=mbie_reportingentity&refid=756c5ca5-8394-ee11-be37-00224892b34a&refrel=mbie_Scheme_ReportingEntityId_mbie_Report,BT FUNDS MANAGEMENT (NZ) LIMITED,"Reporting Period
. sort descending
Actions
31-03-2024 - Due by 31-07-2024",31-03-2024 - Due by 31-07-2024,WESTPAC RETIREMENT PLAN (SCH11614),Have records but not submitted,Investment Scheme,31/03/2024,31/07/2024
159,https://crd-app.companiesoffice.govt.nz/dashboard/reportingentity/scheme/?id=5b5ca035-8a94-ee11-be37-00224892b34a&refentity=mbie_reportingentity&refid=776c5ca5-8394-ee11-be37-00224892b34a&refrel=mbie_Scheme_ReportingEntityId_mbie_Report,CENTURIA FUNDS MANAGEMENT (NZ) LIMITED,"Reporting Period
. sort descending
Actions
31-03-2024 - Due by 31-07-2024",31-03-2024 - Due by 31-07-2024,33 BROADWAY TRUST (SCH11912),Have records but not submitted,Investment Scheme,31/03/2024,31/07/2024
160,https://crd-app.companiesoffice.govt.nz/dashboard/reportingentity/scheme/?id=595ca035-8a94-ee11-be37-00224892b34a&refentity=mbie_reportingentity&refid=776c5ca5-8394-ee11-be37-00224892b34a&refrel=mbie_Scheme_ReportingEntityId_mbie_Report,CENTURIA FUNDS MANAGEMENT (NZ) LIMITED,"Reporting Period
. sort descending
Actions
31-03-2024 - Due by 31-07-2024",31-03-2024 - Due by 31-07-2024,AIRPARK NOMINEES JOINT VENTURE (SCH11740),Have records but not submitted,Investment Scheme,31/03/2024,31/07/2024
161,https://crd-app.companiesoffice.govt.nz/dashboard/reportingentity/scheme/?id=615ca035-8a94-ee11-be37-00224892b34a&refentity=mbie_reportingentity&refid=776c5ca5-8394-ee11-be37-00224892b34a&refrel=mbie_Scheme_ReportingEntityId_mbie_Report,CENTURIA FUNDS MANAGEMENT (NZ) LIMITED,"Reporting Period
. sort descending
Actions
There are no records to display.",There are no records to display.,AUGUSTA KEDRON PARTNERSHIP (SCH12564),No records,Investment Scheme,0,0
162,https://crd-app.companiesoffice.govt.nz/dashboard/reportingentity/scheme/?id=5f5ca035-8a94-ee11-be37-00224892b34a&refentity=mbie_reportingentity&refid=776c5ca5-8394-ee11-be37-00224892b34a&refrel=mbie_Scheme_ReportingEntityId_mbie_Report,CENTURIA FUNDS MANAGEMENT (NZ) LIMITED,"Reporting Period
. sort descending
Actions
31-03-2024 - Due by 31-07-2024",31-03-2024 - Due by 31-07-2024,AUGUSTA ST GEORGES BAY ROAD PROPERTY TRUST (SCH12448),Have records but not submitted,Investment Scheme,31/03/2024,31/07/2024
163,https://crd-app.companiesoffice.govt.nz/dashboard/reportingentity/scheme/?id=4d5ca035-8a94-ee11-be37-00224892b34a&refentity=mbie_reportingentity&refid=776c5ca5-8394-ee11-be37-00224892b34a&refrel=mbie_Scheme_ReportingEntityId_mbie_Report,CENTURIA FUNDS MANAGEMENT (NZ) LIMITED,"Reporting Period
. sort descending
Actions
31-03-2024 - Due by 31-07-2024",31-03-2024 - Due by 31-07-2024,BIRCH NOMINEES JOINT VENTURE (SCH11560),Have records but not submitted,Investment Scheme,31/03/2024,31/07/2024
164,https://crd-app.companiesoffice.govt.nz/dashboard/reportingentity/scheme/?id=455ca035-8a94-ee11-be37-00224892b34a&refentity=mbie_reportingentity&refid=776c5ca5-8394-ee11-be37-00224892b34a&refrel=mbie_Scheme_ReportingEntityId_mbie_Report,CENTURIA FUNDS MANAGEMENT (NZ) LIMITED,"Reporting Period
. sort descending
Actions
There are no records to display.",There are no records to display.,BRADMAN STREET PROPORTIONATE OWNERSHIP SCHEME (SCH11503),No records,Investment Scheme,0,0
165,https://crd-app.companiesoffice.govt.nz/dashboard/reportingentity/scheme/?id=375ca035-8a94-ee11-be37-00224892b34a&refentity=mbie_reportingentity&refid=776c5ca5-8394-ee11-be37-00224892b34a&refrel=mbie_Scheme_ReportingEntityId_mbie_Report,CENTURIA FUNDS MANAGEMENT (NZ) LIMITED,"Reporting Period
. sort descending
Actions
31-03-2024 - Due by 31-07-2024",31-03-2024 - Due by 31-07-2024,BUILDING A GRAHAM STREET LIMITED PARTNERSHIP (SCH10571),Have records but not submitted,Investment Scheme,31/03/2024,31/07/2024
166,https://crd-app.companiesoffice.govt.nz/dashboard/reportingentity/scheme/?id=395ca035-8a94-ee11-be37-00224892b34a&refentity=mbie_reportingentity&refid=776c5ca5-8394-ee11-be37-00224892b34a&refrel=mbie_Scheme_ReportingEntityId_mbie_Report,CENTURIA FUNDS MANAGEMENT (NZ) LIMITED,"Reporting Period
. sort descending
Actions
31-03-2024 - Due by 31-07-2024",31-03-2024 - Due by 31-07-2024,BUILDING B GRAHAM STREET LIMITED PARTNERSHIP (SCH10922),Have records but not submitted,Investment Scheme,31/03/2024,31/07/2024
167,https://crd-app.companiesoffice.govt.nz/dashboard/reportingentity/scheme/?id=635ca035-8a94-ee11-be37-00224892b34a&refentity=mbie_reportingentity&refid=776c5ca5-8394-ee11-be37-00224892b34a&refrel=mbie_Scheme_ReportingEntityId_mbie_Report,CENTURIA FUNDS MANAGEMENT (NZ) LIMITED,"Reporting Period
. sort descending
Actions
31-03-2024 - Due by 31-07-2024",31-03-2024 - Due by 31-07-2024,CENTURIA NZ PROPERTY FUND (SCH12900),Have records but not submitted,Investment Scheme,31/03/2024,31/07/2024
168,https://crd-app.companiesoffice.govt.nz/dashboard/reportingentity/scheme/?id=4f5ca035-8a94-ee11-be37-00224892b34a&refentity=mbie_reportingentity&refid=776c5ca5-8394-ee11-be37-00224892b34a&refrel=mbie_Scheme_ReportingEntityId_mbie_Report,CENTURIA FUNDS MANAGEMENT (NZ) LIMITED,"Reporting Period
. sort descending
Actions
31-03-2024 - Due by 31-07-2024",31-03-2024 - Due by 31-07-2024,FERNHILL NOMINEES JOINT VENTURE (SCH11564),Have records but not submitted,Investment Scheme,31/03/2024,31/07/2024
169,https://crd-app.companiesoffice.govt.nz/dashboard/reportingentity/scheme/?id=435ca035-8a94-ee11-be37-00224892b34a&refentity=mbie_reportingentity&refid=776c5ca5-8394-ee11-be37-00224892b34a&refrel=mbie_Scheme_ReportingEntityId_mbie_Report,CENTURIA FUNDS MANAGEMENT (NZ) LIMITED,"Reporting Period
. sort descending
Actions
There are no records to display.",There are no records to display.,FORMATION ST PROPORTIONATE OWNERSHIP SCHEME (SCH11478),No records,Investment Scheme,0,0
170,https://crd-app.companiesoffice.govt.nz/dashboard/reportingentity/scheme/?id=3d5ca035-8a94-ee11-be37-00224892b34a&refentity=mbie_reportingentity&refid=776c5ca5-8394-ee11-be37-00224892b34a&refrel=mbie_Scheme_ReportingEntityId_mbie_Report,CENTURIA FUNDS MANAGEMENT (NZ) LIMITED,"Reporting Period
. sort descending
Actions
31-03-2024 - Due by 31-07-2024",31-03-2024 - Due by 31-07-2024,HIBISCUS NOMINEES JOINT VENTURES (SCH11466),Have records but not submitted,Investment Scheme,31/03/2024,31/07/2024
171,https://crd-app.companiesoffice.govt.nz/dashboard/reportingentity/scheme/?id=535ca035-8a94-ee11-be37-00224892b34a&refentity=mbie_reportingentity&refid=776c5ca5-8394-ee11-be37-00224892b34a&refrel=mbie_Scheme_ReportingEntityId_mbie_Report,CENTURIA FUNDS MANAGEMENT (NZ) LIMITED,"Reporting Period
. sort descending
Actions
31-03-2024 - Due by 31-07-2024",31-03-2024 - Due by 31-07-2024,LAMBIE DR PROPERTY SCHEME (SCH11586),Have records but not submitted,Investment Scheme,31/03/2024,31/07/2024
172,https://crd-app.companiesoffice.govt.nz/dashboard/reportingentity/scheme/?id=555ca035-8a94-ee11-be37-00224892b34a&refentity=mbie_reportingentity&refid=776c5ca5-8394-ee11-be37-00224892b34a&refrel=mbie_Scheme_ReportingEntityId_mbie_Report,CENTURIA FUNDS MANAGEMENT (NZ) LIMITED,"Reporting Period
. sort descending
Actions
31-03-2024 - Due by 31-07-2024",31-03-2024 - Due by 31-07-2024,LINK DR PROPERTY SCHEME (SCH11587),Have records but not submitted,Investment Scheme,31/03/2024,31/07/2024
173,https://crd-app.companiesoffice.govt.nz/dashboard/reportingentity/scheme/?id=495ca035-8a94-ee11-be37-00224892b34a&refentity=mbie_reportingentity&refid=776c5ca5-8394-ee11-be37-00224892b34a&refrel=mbie_Scheme_ReportingEntityId_mbie_Report,CENTURIA FUNDS MANAGEMENT (NZ) LIMITED,"Reporting Period
. sort descending
Actions
31-03-2024 - Due by 31-07-2024",31-03-2024 - Due by 31-07-2024,MANADON STREET PROPERTY SCHEME (SCH11532),Have records but not submitted,Investment Scheme,31/03/2024,31/07/2024
174,https://crd-app.companiesoffice.govt.nz/dashboard/reportingentity/scheme/?id=415ca035-8a94-ee11-be37-00224892b34a&refentity=mbie_reportingentity&refid=776c5ca5-8394-ee11-be37-00224892b34a&refrel=mbie_Scheme_ReportingEntityId_mbie_Report,CENTURIA FUNDS MANAGEMENT (NZ) LIMITED,"Reporting Period
. sort descending
Actions
31-03-2024 - Due by 31-07-2024",31-03-2024 - Due by 31-07-2024,PEACHGROVE ROAD LIMITED PARTNERSHIP (SCH11471),Have records but not submitted,Investment Scheme,31/03/2024,31/07/2024
175,https://crd-app.companiesoffice.govt.nz/dashboard/reportingentity/scheme/?id=355ca035-8a94-ee11-be37-00224892b34a&refentity=mbie_reportingentity&refid=776c5ca5-8394-ee11-be37-00224892b34a&refrel=mbie_Scheme_ReportingEntityId_mbie_Report,CENTURIA FUNDS MANAGEMENT (NZ) LIMITED,"Reporting Period
. sort descending
Actions
There are no records to display.",There are no records to display.,QUINNS HILL ROAD PARTNERSHIP (SCH10523),No records,Investment Scheme,0,0
176,https://crd-app.companiesoffice.govt.nz/dashboard/reportingentity/scheme/?id=3f5ca035-8a94-ee11-be37-00224892b34a&refentity=mbie_reportingentity&refid=776c5ca5-8394-ee11-be37-00224892b34a&refrel=mbie_Scheme_ReportingEntityId_mbie_Report,CENTURIA FUNDS MANAGEMENT (NZ) LIMITED,"Reporting Period
. sort descending
Actions
31-03-2024 - Due by 31-07-2024",31-03-2024 - Due by 31-07-2024,SHANDS ROAD LIMITED PARTNERSHIP (SCH11468),Have records but not submitted,Investment Scheme,31/03/2024,31/07/2024
177,https://crd-app.companiesoffice.govt.nz/dashboard/reportingentity/scheme/?id=475ca035-8a94-ee11-be37-00224892b34a&refentity=mbie_reportingentity&refid=776c5ca5-8394-ee11-be37-00224892b34a&refrel=mbie_Scheme_ReportingEntityId_mbie_Report,CENTURIA FUNDS MANAGEMENT (NZ) LIMITED,"Reporting Period
. sort descending
Actions
There are no records to display.",There are no records to display.,SHERBROOKE RD PARTNERSHIP (SCH11507),No records,Investment Scheme,0,0
178,https://crd-app.companiesoffice.govt.nz/dashboard/reportingentity/scheme/?id=5d5ca035-8a94-ee11-be37-00224892b34a&refentity=mbie_reportingentity&refid=776c5ca5-8394-ee11-be37-00224892b34a&refrel=mbie_Scheme_ReportingEntityId_mbie_Report,CENTURIA FUNDS MANAGEMENT (NZ) LIMITED,"Reporting Period
. sort descending
Actions
31-03-2024 - Due by 31-07-2024",31-03-2024 - Due by 31-07-2024,SIR WILLIAM PICKERING DRIVE LIMITED PARTNERSHIP (SCH12323),Have records but not submitted,Investment Scheme,31/03/2024,31/07/2024
179,https://crd-app.companiesoffice.govt.nz/dashboard/reportingentity/scheme/?id=3b5ca035-8a94-ee11-be37-00224892b34a&refentity=mbie_reportingentity&refid=776c5ca5-8394-ee11-be37-00224892b34a&refrel=mbie_Scheme_ReportingEntityId_mbie_Report,CENTURIA FUNDS MANAGEMENT (NZ) LIMITED,"Reporting Period
. sort descending
Actions
31-03-2024 - Due by 31-07-2024",31-03-2024 - Due by 31-07-2024,TAKANINI NOMINEES JOINT VENTURE (SCH11465),Have records but not submitted,Investment Scheme,31/03/2024,31/07/2024
180,https://crd-app.companiesoffice.govt.nz/dashboard/reportingentity/scheme/?id=4b5ca035-8a94-ee11-be37-00224892b34a&refentity=mbie_reportingentity&refid=776c5ca5-8394-ee11-be37-00224892b34a&refrel=mbie_Scheme_ReportingEntityId_mbie_Report,CENTURIA FUNDS MANAGEMENT (NZ) LIMITED,"Reporting Period
. sort descending
Actions
31-03-2024 - Due by 31-07-2024",31-03-2024 - Due by 31-07-2024,VICKERS ROAD PROPERTY SCHEME (SCH11556),Have records but not submitted,Investment Scheme,31/03/2024,31/07/2024
181,https://crd-app.companiesoffice.govt.nz/dashboard/reportingentity/scheme/?id=575ca035-8a94-ee11-be37-00224892b34a&refentity=mbie_reportingentity&refid=776c5ca5-8394-ee11-be37-00224892b34a&refrel=mbie_Scheme_ReportingEntityId_mbie_Report,CENTURIA FUNDS MANAGEMENT (NZ) LIMITED,"Reporting Period
. sort descending
Actions
31-03-2024 - Due by 31-07-2024",31-03-2024 - Due by 31-07-2024,WESTPOINT PROPERTY SCHEME (SCH11602),Have records but not submitted,Investment Scheme,31/03/2024,31/07/2024
182,https://crd-app.companiesoffice.govt.nz/dashboard/reportingentity/scheme/?id=515ca035-8a94-ee11-be37-00224892b34a&refentity=mbie_reportingentity&refid=776c5ca5-8394-ee11-be37-00224892b34a&refrel=mbie_Scheme_ReportingEntityId_mbie_Report,CENTURIA FUNDS MANAGEMENT (NZ) LIMITED,"Reporting Period
. sort descending
Actions
31-03-2024 - Due by 31-07-2024",31-03-2024 - Due by 31-07-2024,WILLIAMS STREET NOMINEES JOINT VENTURE (SCH11570),Have records but not submitted,Investment Scheme,31/03/2024,31/07/2024
183,https://crd-app.companiesoffice.govt.nz/dashboard/reportingentity/scheme/?id=675ca035-8a94-ee11-be37-00224892b34a&refentity=mbie_reportingentity&refid=796c5ca5-8394-ee11-be37-00224892b34a&refrel=mbie_Scheme_ReportingEntityId_mbie_Report,FIRST MORTGAGE MANAGERS LIMITED,"Reporting Period
. sort descending
Actions
31-03-2024 - Due by 31-07-2024",31-03-2024 - Due by 31-07-2024,FIRST MORTGAGE PIE TRUST (SCH10249),Have records but not submitted,Investment Scheme,31/03/2024,31/07/2024
184,https://crd-app.companiesoffice.govt.nz/dashboard/reportingentity/scheme/?id=655ca035-8a94-ee11-be37-00224892b34a&refentity=mbie_reportingentity&refid=796c5ca5-8394-ee11-be37-00224892b34a&refrel=mbie_Scheme_ReportingEntityId_mbie_Report,FIRST MORTGAGE MANAGERS LIMITED,"Reporting Period
. sort descending
Actions
31-03-2024 - Due by 31-07-2024",31-03-2024 - Due by 31-07-2024,FIRST MORTGAGE TRUST GROUP INVESTMENT FUND (SCH10239),Have records but not submitted,Investment Scheme,31/03/2024,31/07/2024
185,https://crd-app.companiesoffice.govt.nz/dashboard/reportingentity/scheme/?id=735ca035-8a94-ee11-be37-00224892b34a&refentity=mbie_reportingentity&refid=7b6c5ca5-8394-ee11-be37-00224892b34a&refrel=mbie_Scheme_ReportingEntityId_mbie_Report,FISHER FUNDS MANAGEMENT LIMITED,"Reporting Period
. sort descending
Actions
31-03-2024 - Due by 31-07-2024",31-03-2024 - Due by 31-07-2024,FISHER FUNDS INVESTMENT SERIES (SCH10642),Have records but not submitted,Investment Scheme,31/03/2024,31/07/2024
186,https://crd-app.companiesoffice.govt.nz/dashboard/reportingentity/scheme/?id=6b5ca035-8a94-ee11-be37-00224892b34a&refentity=mbie_reportingentity&refid=7b6c5ca5-8394-ee11-be37-00224892b34a&refrel=mbie_Scheme_ReportingEntityId_mbie_Report,FISHER FUNDS MANAGEMENT LIMITED,"Reporting Period
. sort descending
Actions
31-03-2024 - Due by 31-07-2024",31-03-2024 - Due by 31-07-2024,FISHER FUNDS KIWISAVER SCHEME (SCH10636),Have records but not submitted,Investment Scheme,31/03/2024,31/07/2024
187,https://crd-app.companiesoffice.govt.nz/dashboard/reportingentity/scheme/?id=6d5ca035-8a94-ee11-be37-00224892b34a&refentity=mbie_reportingentity&refid=7b6c5ca5-8394-ee11-be37-00224892b34a&refrel=mbie_Scheme_ReportingEntityId_mbie_Report,FISHER FUNDS MANAGEMENT LIMITED,"Reporting Period
. sort descending
Actions
31-03-2024 - Due by 31-07-2024",31-03-2024 - Due by 31-07-2024,FISHER FUNDS LIFESAVER PLAN (SCH10637),Have records but not submitted,Investment Scheme,31/03/2024,31/07/2024
188,https://crd-app.companiesoffice.govt.nz/dashboard/reportingentity/scheme/?id=6f5ca035-8a94-ee11-be37-00224892b34a&refentity=mbie_reportingentity&refid=7b6c5ca5-8394-ee11-be37-00224892b34a&refrel=mbie_Scheme_ReportingEntityId_mbie_Report,FISHER FUNDS MANAGEMENT LIMITED,"Reporting Period
. sort descending
Actions
31-03-2024 - Due by 31-07-2024",31-03-2024 - Due by 31-07-2024,FISHER FUNDS MANAGED FUNDS (SCH10640),Have records but not submitted,Investment Scheme,31/03/2024,31/07/2024
189,https://crd-app.companiesoffice.govt.nz/dashboard/reportingentity/scheme/?id=715ca035-8a94-ee11-be37-00224892b34a&refentity=mbie_reportingentity&refid=7b6c5ca5-8394-ee11-be37-00224892b34a&refrel=mbie_Scheme_ReportingEntityId_mbie_Report,FISHER FUNDS MANAGEMENT LIMITED,"Reporting Period
. sort descending
Actions
31-03-2024 - Due by 31-07-2024",31-03-2024 - Due by 31-07-2024,FISHER FUNDS PREMIUM SERVICE (SCH10641),Have records but not submitted,Investment Scheme,31/03/2024,31/07/2024
190,https://crd-app.companiesoffice.govt.nz/dashboard/reportingentity/scheme/?id=695ca035-8a94-ee11-be37-00224892b34a&refentity=mbie_reportingentity&refid=7b6c5ca5-8394-ee11-be37-00224892b34a&refrel=mbie_Scheme_ReportingEntityId_mbie_Report,FISHER FUNDS MANAGEMENT LIMITED,"Reporting Period
. sort descending
Actions
31-03-2024 - Due by 31-07-2024",31-03-2024 - Due by 31-07-2024,FISHER FUNDS TWO KIWISAVER SCHEME (SCH10597),Have records but not submitted,Investment Scheme,31/03/2024,31/07/2024
191,https://crd-app.companiesoffice.govt.nz/dashboard/reportingentity/scheme/?id=755ca035-8a94-ee11-be37-00224892b34a&refentity=mbie_reportingentity&refid=7b6c5ca5-8394-ee11-be37-00224892b34a&refrel=mbie_Scheme_ReportingEntityId_mbie_Report,FISHER FUNDS MANAGEMENT LIMITED,"Reporting Period
. sort descending
Actions
There are no records to display.",There are no records to display.,FUTUREPLAN (SCH11318),No records,Investment Scheme,0,0
192,https://crd-app.companiesoffice.govt.nz/dashboard/reportingentity/scheme/?id=9f5ca035-8a94-ee11-be37-00224892b34a&refentity=mbie_reportingentity&refid=7d6c5ca5-8394-ee11-be37-00224892b34a&refrel=mbie_Scheme_ReportingEntityId_mbie_Report,FUNDROCK NZ LIMITED,"Reporting Period
. sort descending
Actions
31-03-2024 - Due by 31-07-2024",31-03-2024 - Due by 31-07-2024,ACI FUNDS (SCH13499),Have records but not submitted,Investment Scheme,31/03/2024,31/07/2024
193,https://crd-app.companiesoffice.govt.nz/dashboard/reportingentity/scheme/?id=7d5ca035-8a94-ee11-be37-00224892b34a&refentity=mbie_reportingentity&refid=7d6c5ca5-8394-ee11-be37-00224892b34a&refrel=mbie_Scheme_ReportingEntityId_mbie_Report,FUNDROCK NZ LIMITED,"Reporting Period
. sort descending
Actions
31-03-2024 - Due by 31-07-2024",31-03-2024 - Due by 31-07-2024,ANTIPODES INVESTMENT FUNDS (SCH12434),Have records but not submitted,Investment Scheme,31/03/2024,31/07/2024
194,https://crd-app.companiesoffice.govt.nz/dashboard/reportingentity/scheme/?id=795ca035-8a94-ee11-be37-00224892b34a&refentity=mbie_reportingentity&refid=7d6c5ca5-8394-ee11-be37-00224892b34a&refrel=mbie_Scheme_ReportingEntityId_mbie_Report,FUNDROCK NZ LIMITED,"Reporting Period
. sort descending
Actions
31-03-2024 - Due by 31-07-2024",31-03-2024 - Due by 31-07-2024,APN INVESTMENT FUNDS SCHEME (SCH11734),Have records but not submitted,Investment Scheme,31/03/2024,31/07/2024
195,https://crd-app.companiesoffice.govt.nz/dashboard/reportingentity/scheme/?id=875ca035-8a94-ee11-be37-00224892b34a&refentity=mbie_reportingentity&refid=7d6c5ca5-8394-ee11-be37-00224892b34a&refrel=mbie_Scheme_ReportingEntityId_mbie_Report,FUNDROCK NZ LIMITED,"Reporting Period
. sort descending
Actions
31-03-2024 - Due by 31-07-2024",31-03-2024 - Due by 31-07-2024,AURORA KIWISAVER SCHEME (SCH13055),Have records but not submitted,Investment Scheme,31/03/2024,31/07/2024
196,https://crd-app.companiesoffice.govt.nz/dashboard/reportingentity/scheme/?id=9d5ca035-8a94-ee11-be37-00224892b34a&refentity=mbie_reportingentity&refid=7d6c5ca5-8394-ee11-be37-00224892b34a&refrel=mbie_Scheme_ReportingEntityId_mbie_Report,FUNDROCK NZ LIMITED,"Reporting Period
. sort descending
Actions
31-03-2024 - Due by 31-07-2024",31-03-2024 - Due by 31-07-2024,BENTHAM INVESTMENT FUNDS (SCH13506),Have records but not submitted,Investment Scheme,31/03/2024,31/07/2024
197,https://crd-app.companiesoffice.govt.nz/dashboard/reportingentity/scheme/?id=895ca035-8a94-ee11-be37-00224892b34a&refentity=mbie_reportingentity&refid=7d6c5ca5-8394-ee11-be37-00224892b34a&refrel=mbie_Scheme_ReportingEntityId_mbie_Report,FUNDROCK NZ LIMITED,"Reporting Period
. sort descending
Actions
31-03-2024 - Due by 31-07-2024",31-03-2024 - Due by 31-07-2024,COLCHESTER INVESTMENT FUNDS (SCH13056),Have records but not submitted,Investment Scheme,31/03/2024,31/07/2024
198,https://crd-app.companiesoffice.govt.nz/dashboard/reportingentity/scheme/?id=935ca035-8a94-ee11-be37-00224892b34a&refentity=mbie_reportingentity&refid=7d6c5ca5-8394-ee11-be37-00224892b34a&refrel=mbie_Scheme_ReportingEntityId_mbie_Report,FUNDROCK NZ LIMITED,"Reporting Period
. sort descending
Actions
31-03-2024 - Due by 31-07-2024",31-03-2024 - Due by 31-07-2024,COOLABAH INVESTMENT FUNDS (SCH13148),Have records but not submitted,Investment Scheme,31/03/2024,31/07/2024
199,https://crd-app.companiesoffice.govt.nz/dashboard/reportingentity/scheme/?id=9b5ca035-8a94-ee11-be37-00224892b34a&refentity=mbie_reportingentity&refid=7d6c5ca5-8394-ee11-be37-00224892b34a&refrel=mbie_Scheme_ReportingEntityId_mbie_Report,FUNDROCK NZ LIMITED,"Reporting Period
. sort descending
Actions
31-03-2024 - Due by 31-07-2024",31-03-2024 - Due by 31-07-2024,DIMENSIONAL INVESTMENT FUNDS (SCH13317),Have records but not submitted,Investment Scheme,31/03/2024,31/07/2024
200,https://crd-app.companiesoffice.govt.nz/dashboard/reportingentity/scheme/?id=8b5ca035-8a94-ee11-be37-00224892b34a&refentity=mbie_reportingentity&refid=7d6c5ca5-8394-ee11-be37-00224892b34a&refrel=mbie_Scheme_ReportingEntityId_mbie_Report,FUNDROCK NZ LIMITED,"Reporting Period
. sort descending
Actions
31-03-2024 - Due by 31-07-2024",31-03-2024 - Due by 31-07-2024,FIRST SENTIER INVESTORS (NZ) SCHEME (SCH13089),Have records but not submitted,Investment Scheme,31/03/2024,31/07/2024
201,https://crd-app.companiesoffice.govt.nz/dashboard/reportingentity/scheme/?id=955ca035-8a94-ee11-be37-00224892b34a&refentity=mbie_reportingentity&refid=7d6c5ca5-8394-ee11-be37-00224892b34a&refrel=mbie_Scheme_ReportingEntityId_mbie_Report,FUNDROCK NZ LIMITED,"Reporting Period
. sort descending
Actions
31-03-2024 - Due by 31-07-2024",31-03-2024 - Due by 31-07-2024,FOUNDATION SERIES FUNDS (SCH13175),Have records but not submitted,Investment Scheme,31/03/2024,31/07/2024
202,https://crd-app.companiesoffice.govt.nz/dashboard/reportingentity/scheme/?id=7b5ca035-8a94-ee11-be37-00224892b34a&refentity=mbie_reportingentity&refid=7d6c5ca5-8394-ee11-be37-00224892b34a&refrel=mbie_Scheme_ReportingEntityId_mbie_Report,FUNDROCK NZ LIMITED,"Reporting Period
. sort descending
Actions
31-03-2024 - Due by 31-07-2024",31-03-2024 - Due by 31-07-2024,FRANKLIN TEMPLETON INVESTMENT FUNDS (SCH12302),Have records but not submitted,Investment Scheme,31/03/2024,31/07/2024
203,https://crd-app.companiesoffice.govt.nz/dashboard/reportingentity/scheme/?id=7f5ca035-8a94-ee11-be37-00224892b34a&refentity=mbie_reportingentity&refid=7d6c5ca5-8394-ee11-be37-00224892b34a&refrel=mbie_Scheme_ReportingEntityId_mbie_Report,FUNDROCK NZ LIMITED,"Reporting Period
. sort descending
Actions
31-03-2024 - Due by 31-07-2024",31-03-2024 - Due by 31-07-2024,HOBSON WEALTH INVESTMENT FUNDS (SCH12667),Have records but not submitted,Investment Scheme,31/03/2024,31/07/2024
204,https://crd-app.companiesoffice.govt.nz/dashboard/reportingentity/scheme/?id=975ca035-8a94-ee11-be37-00224892b34a&refentity=mbie_reportingentity&refid=7d6c5ca5-8394-ee11-be37-00224892b34a&refrel=mbie_Scheme_ReportingEntityId_mbie_Report,FUNDROCK NZ LIMITED,"Reporting Period
. sort descending
Actions
31-03-2024 - Due by 31-07-2024",31-03-2024 - Due by 31-07-2024,HYPERION INVESTMENT FUNDS (SCH13281),Have records but not submitted,Investment Scheme,31/03/2024,31/07/2024
205,https://crd-app.companiesoffice.govt.nz/dashboard/reportingentity/scheme/?id=835ca035-8a94-ee11-be37-00224892b34a&refentity=mbie_reportingentity&refid=7d6c5ca5-8394-ee11-be37-00224892b34a&refrel=mbie_Scheme_ReportingEntityId_mbie_Report,FUNDROCK NZ LIMITED,"Reporting Period
. sort descending
Actions
31-03-2024 - Due by 31-07-2024",31-03-2024 - Due by 31-07-2024,INVESTNOW KIWISAVER SCHEME (SCH12874),Have records but not submitted,Investment Scheme,31/03/2024,31/07/2024
206,https://crd-app.companiesoffice.govt.nz/dashboard/reportingentity/scheme/?id=855ca035-8a94-ee11-be37-00224892b34a&refentity=mbie_reportingentity&refid=7d6c5ca5-8394-ee11-be37-00224892b34a&refrel=mbie_Scheme_ReportingEntityId_mbie_Report,FUNDROCK NZ LIMITED,"Reporting Period
. sort descending
Actions
31-03-2024 - Due by 31-07-2024",31-03-2024 - Due by 31-07-2024,LIGHTHOUSE INVESTMENT FUNDS (SCH13048),Have records but not submitted,Investment Scheme,31/03/2024,31/07/2024
207,https://crd-app.companiesoffice.govt.nz/dashboard/reportingentity/scheme/?id=775ca035-8a94-ee11-be37-00224892b34a&refentity=mbie_reportingentity&refid=7d6c5ca5-8394-ee11-be37-00224892b34a&refrel=mbie_Scheme_ReportingEntityId_mbie_Report,FUNDROCK NZ LIMITED,"Reporting Period
. sort descending
Actions
31-03-2024 - Due by 31-07-2024",31-03-2024 - Due by 31-07-2024,RUSSELL INVESTMENT FUNDS (SCH10586),Have records but not submitted,Investment Scheme,31/03/2024,31/07/2024
208,https://crd-app.companiesoffice.govt.nz/dashboard/reportingentity/scheme/?id=a15ca035-8a94-ee11-be37-00224892b34a&refentity=mbie_reportingentity&refid=7d6c5ca5-8394-ee11-be37-00224892b34a&refrel=mbie_Scheme_ReportingEntityId_mbie_Report,FUNDROCK NZ LIMITED,"Reporting Period
. sort descending
Actions
31-03-2024 - Due by 31-07-2024",31-03-2024 - Due by 31-07-2024,SCHRODER INVESTMENT FUNDS (SCH13639),Have records but not submitted,Investment Scheme,31/03/2024,31/07/2024
209,https://crd-app.companiesoffice.govt.nz/dashboard/reportingentity/scheme/?id=8d5ca035-8a94-ee11-be37-00224892b34a&refentity=mbie_reportingentity&refid=7d6c5ca5-8394-ee11-be37-00224892b34a&refrel=mbie_Scheme_ReportingEntityId_mbie_Report,FUNDROCK NZ LIMITED,"Reporting Period
. sort descending
Actions
31-03-2024 - Due by 31-07-2024",31-03-2024 - Due by 31-07-2024,SQUIRREL INVESTMENT FUNDS (SCH13142),Have records but not submitted,Investment Scheme,31/03/2024,31/07/2024
210,https://crd-app.companiesoffice.govt.nz/dashboard/reportingentity/scheme/?id=995ca035-8a94-ee11-be37-00224892b34a&refentity=mbie_reportingentity&refid=7d6c5ca5-8394-ee11-be37-00224892b34a&refrel=mbie_Scheme_ReportingEntityId_mbie_Report,FUNDROCK NZ LIMITED,"Reporting Period
. sort descending
Actions
31-03-2024 - Due by 31-07-2024",31-03-2024 - Due by 31-07-2024,STEWART INVESTORS (NZ) MANAGED INVESTMENT SCHEME (SCH13295),Have records but not submitted,Investment Scheme,31/03/2024,31/07/2024
211,https://crd-app.companiesoffice.govt.nz/dashboard/reportingentity/scheme/?id=8f5ca035-8a94-ee11-be37-00224892b34a&refentity=mbie_reportingentity&refid=7d6c5ca5-8394-ee11-be37-00224892b34a&refrel=mbie_Scheme_ReportingEntityId_mbie_Report,FUNDROCK NZ LIMITED,"Reporting Period
. sort descending
Actions
31-03-2024 - Due by 31-07-2024",31-03-2024 - Due by 31-07-2024,TE AHUMAIRANGI INVESTMENT FUNDS (SCH13146),Have records but not submitted,Investment Scheme,31/03/2024,31/07/2024
212,https://crd-app.companiesoffice.govt.nz/dashboard/reportingentity/scheme/?id=915ca035-8a94-ee11-be37-00224892b34a&refentity=mbie_reportingentity&refid=7d6c5ca5-8394-ee11-be37-00224892b34a&refrel=mbie_Scheme_ReportingEntityId_mbie_Report,FUNDROCK NZ LIMITED,"Reporting Period
. sort descending
Actions
31-03-2024 - Due by 31-07-2024",31-03-2024 - Due by 31-07-2024,VAULT DIGITAL FUNDS (SCH13147),Have records but not submitted,Investment Scheme,31/03/2024,31/07/2024
213,https://crd-app.companiesoffice.govt.nz/dashboard/reportingentity/scheme/?id=815ca035-8a94-ee11-be37-00224892b34a&refentity=mbie_reportingentity&refid=7d6c5ca5-8394-ee11-be37-00224892b34a&refrel=mbie_Scheme_ReportingEntityId_mbie_Report,FUNDROCK NZ LIMITED,"Reporting Period
. sort descending
Actions
31-03-2024 - Due by 31-07-2024",31-03-2024 - Due by 31-07-2024,VISION INVEST NZ FUNDS (SCH12865),Have records but not submitted,Investment Scheme,31/03/2024,31/07/2024
214,https://crd-app.companiesoffice.govt.nz/dashboard/reportingentity/scheme/?id=a35ca035-8a94-ee11-be37-00224892b34a&refentity=mbie_reportingentity&refid=7f6c5ca5-8394-ee11-be37-00224892b34a&refrel=mbie_Scheme_ReportingEntityId_mbie_Report,GENERATE INVESTMENT MANAGEMENT LIMITED,"Reporting Period
. sort descending
Actions
31-03-2024 - Due by 31-07-2024",31-03-2024 - Due by 31-07-2024,GENERATE KIWISAVER SCHEME (SCH10791),Have records but not submitted,Investment Scheme,31/03/2024,31/07/2024
215,https://crd-app.companiesoffice.govt.nz/dashboard/reportingentity/scheme/?id=a55ca035-8a94-ee11-be37-00224892b34a&refentity=mbie_reportingentity&refid=7f6c5ca5-8394-ee11-be37-00224892b34a&refrel=mbie_Scheme_ReportingEntityId_mbie_Report,GENERATE INVESTMENT MANAGEMENT LIMITED,"Reporting Period
. sort descending
Actions
31-03-2024 - Due by 31-07-2024",31-03-2024 - Due by 31-07-2024,GENERATE UNIT TRUST SCHEME (SCH12736),Have records but not submitted,Investment Scheme,31/03/2024,31/07/2024
216,https://crd-app.companiesoffice.govt.nz/dashboard/reportingentity/scheme/?id=a75ca035-8a94-ee11-be37-00224892b34a&refentity=mbie_reportingentity&refid=816c5ca5-8394-ee11-be37-00224892b34a&refrel=mbie_Scheme_ReportingEntityId_mbie_Report,GOODMAN (NZ) LIMITED,"Reporting Period
. sort descending
Actions
31-03-2024 - Due by 31-07-2024",31-03-2024 - Due by 31-07-2024,GOODMAN PROPERTY TRUST (SCH11225),Have records but not submitted,Investment Scheme,31/03/2024,31/07/2024
217,https://crd-app.companiesoffice.govt.nz/dashboard/reportingentity/scheme/?id=a95ca035-8a94-ee11-be37-00224892b34a&refentity=mbie_reportingentity&refid=836c5ca5-8394-ee11-be37-00224892b34a&refrel=mbie_Scheme_ReportingEntityId_mbie_Report,HARBOUR ASSET MANAGEMENT LIMITED,"Reporting Period
. sort descending
Actions
There are no records to display.",There are no records to display.,HARBOUR INVESTMENT FUNDS (SCH10815),No records,Investment Scheme,0,0
218,https://crd-app.companiesoffice.govt.nz/dashboard/reportingentity/scheme/?id=ab5ca035-8a94-ee11-be37-00224892b34a&refentity=mbie_reportingentity&refid=836c5ca5-8394-ee11-be37-00224892b34a&refrel=mbie_Scheme_ReportingEntityId_mbie_Report,HARBOUR ASSET MANAGEMENT LIMITED,"Reporting Period
. sort descending
Actions
There are no records to display.",There are no records to display.,HUNTER INVESTMENT FUNDS (SCH11176),No records,Investment Scheme,0,0
219,https://crd-app.companiesoffice.govt.nz/dashboard/reportingentity/scheme/?id=ad5ca035-8a94-ee11-be37-00224892b34a&refentity=mbie_reportingentity&refid=856c5ca5-8394-ee11-be37-00224892b34a&refrel=mbie_Scheme_ReportingEntityId_mbie_Report,KIWI WEALTH INVESTMENTS LIMITED PARTNERSHIP,"Reporting Period
. sort descending
Actions
31-03-2024 - Due by 31-07-2024",31-03-2024 - Due by 31-07-2024,KIWI WEALTH SUPER SCHEME (SCH10814),Have records but not submitted,Investment Scheme,31/03/2024,31/07/2024
220,https://crd-app.companiesoffice.govt.nz/dashboard/reportingentity/scheme/?id=af5ca035-8a94-ee11-be37-00224892b34a&refentity=mbie_reportingentity&refid=876c5ca5-8394-ee11-be37-00224892b34a&refrel=mbie_Scheme_ReportingEntityId_mbie_Report,KIWI WEALTH LIMITED,"Reporting Period
. sort descending
Actions
31-03-2024 - Due by 31-07-2024",31-03-2024 - Due by 31-07-2024,KIWI WEALTH KIWISAVER SCHEME (SCH10713),Have records but not submitted,Investment Scheme,31/03/2024,31/07/2024
221,https://crd-app.companiesoffice.govt.nz/dashboard/reportingentity/scheme/?id=b15ca035-8a94-ee11-be37-00224892b34a&refentity=mbie_reportingentity&refid=876c5ca5-8394-ee11-be37-00224892b34a&refrel=mbie_Scheme_ReportingEntityId_mbie_Report,KIWI WEALTH LIMITED,"Reporting Period
. sort descending
Actions
31-03-2024 - Due by 31-07-2024",31-03-2024 - Due by 31-07-2024,KIWI WEALTH MANAGED FUNDS (SCH12389),Have records but not submitted,Investment Scheme,31/03/2024,31/07/2024
222,https://crd-app.companiesoffice.govt.nz/dashboard/reportingentity/scheme/?id=b75ca035-8a94-ee11-be37-00224892b34a&refentity=mbie_reportingentity&refid=896c5ca5-8394-ee11-be37-00224892b34a&refrel=mbie_Scheme_ReportingEntityId_mbie_Report,MEDICAL FUNDS MANAGEMENT LIMITED,"Reporting Period
. sort descending
Actions
31-03-2024 - Due by 31-07-2024",31-03-2024 - Due by 31-07-2024,MAS INVESTMENT FUNDS  (SCH13659),Have records but not submitted,Investment Scheme,31/03/2024,31/07/2024
223,https://crd-app.companiesoffice.govt.nz/dashboard/reportingentity/scheme/?id=b35ca035-8a94-ee11-be37-00224892b34a&refentity=mbie_reportingentity&refid=896c5ca5-8394-ee11-be37-00224892b34a&refrel=mbie_Scheme_ReportingEntityId_mbie_Report,MEDICAL FUNDS MANAGEMENT LIMITED,"Reporting Period
. sort descending
Actions
31-03-2024 - Due by 31-07-2024",31-03-2024 - Due by 31-07-2024,MAS KIWISAVER SCHEME (SCH10705),Have records but not submitted,Investment Scheme,31/03/2024,31/07/2024
224,https://crd-app.companiesoffice.govt.nz/dashboard/reportingentity/scheme/?id=b55ca035-8a94-ee11-be37-00224892b34a&refentity=mbie_reportingentity&refid=896c5ca5-8394-ee11-be37-00224892b34a&refrel=mbie_Scheme_ReportingEntityId_mbie_Report,MEDICAL FUNDS MANAGEMENT LIMITED,"Reporting Period
. sort descending
Actions
31-03-2024 - Due by 31-07-2024",31-03-2024 - Due by 31-07-2024,MAS RETIREMENT SAVINGS SCHEME (SCH10706),Have records but not submitted,Investment Scheme,31/03/2024,31/07/2024
225,https://crd-app.companiesoffice.govt.nz/dashboard/reportingentity/scheme/?id=c35ca035-8a94-ee11-be37-00224892b34a&refentity=mbie_reportingentity&refid=8b6c5ca5-8394-ee11-be37-00224892b34a&refrel=mbie_Scheme_ReportingEntityId_mbie_Report,MERCER (N.Z.) LIMITED,"Reporting Period
. sort descending
Actions
31-03-2024 - Due by 31-07-2024",31-03-2024 - Due by 31-07-2024,DEFENCE FORCE SUPERANNUATION SCHEME (SCH11069),Have records but not submitted,Investment Scheme,31/03/2024,31/07/2024
226,https://crd-app.companiesoffice.govt.nz/dashboard/reportingentity/scheme/?id=bf5ca035-8a94-ee11-be37-00224892b34a&refentity=mbie_reportingentity&refid=8b6c5ca5-8394-ee11-be37-00224892b34a&refrel=mbie_Scheme_ReportingEntityId_mbie_Report,MERCER (N.Z.) LIMITED,"Reporting Period
. sort descending
Actions
31-03-2024 - Due by 31-07-2024",31-03-2024 - Due by 31-07-2024,MERCER FLEXISAVER (SCH10280),Have records but not submitted,Investment Scheme,31/03/2024,31/07/2024
227,https://crd-app.companiesoffice.govt.nz/dashboard/reportingentity/scheme/?id=b95ca035-8a94-ee11-be37-00224892b34a&refentity=mbie_reportingentity&refid=8b6c5ca5-8394-ee11-be37-00224892b34a&refrel=mbie_Scheme_ReportingEntityId_mbie_Report,MERCER (N.Z.) LIMITED,"Reporting Period
. sort descending
Actions
31-03-2024 - Due by 31-07-2024",31-03-2024 - Due by 31-07-2024,MERCER INVESTMENT FUNDS (SCH10307),Have records but not submitted,Investment Scheme,31/03/2024,31/07/2024
228,https://crd-app.companiesoffice.govt.nz/dashboard/reportingentity/scheme/?id=bb5ca035-8a94-ee11-be37-00224892b34a&refentity=mbie_reportingentity&refid=8b6c5ca5-8394-ee11-be37-00224892b34a&refrel=mbie_Scheme_ReportingEntityId_mbie_Report,MERCER (N.Z.) LIMITED,"Reporting Period
. sort descending
Actions
31-03-2024 - Due by 31-07-2024",31-03-2024 - Due by 31-07-2024,MERCER KIWISAVER SCHEME (SCH10245),Have records but not submitted,Investment Scheme,31/03/2024,31/07/2024
229,https://crd-app.companiesoffice.govt.nz/dashboard/reportingentity/scheme/?id=c15ca035-8a94-ee11-be37-00224892b34a&refentity=mbie_reportingentity&refid=8b6c5ca5-8394-ee11-be37-00224892b34a&refrel=mbie_Scheme_ReportingEntityId_mbie_Report,MERCER (N.Z.) LIMITED,"Reporting Period
. sort descending
Actions
31-03-2024 - Due by 31-07-2024",31-03-2024 - Due by 31-07-2024,MERCER SUPER TRUST (SCH10697),Have records but not submitted,Investment Scheme,31/03/2024,31/07/2024
230,https://crd-app.companiesoffice.govt.nz/dashboard/reportingentity/scheme/?id=bd5ca035-8a94-ee11-be37-00224892b34a&refentity=mbie_reportingentity&refid=8b6c5ca5-8394-ee11-be37-00224892b34a&refrel=mbie_Scheme_ReportingEntityId_mbie_Report,MERCER (N.Z.) LIMITED,"Reporting Period
. sort descending
Actions
31-03-2024 - Due by 31-07-2024",31-03-2024 - Due by 31-07-2024,NEW ZEALAND DEFENCE FORCE KIWISAVER SCHEME (SCH10279),Have records but not submitted,Investment Scheme,31/03/2024,31/07/2024
231,https://crd-app.companiesoffice.govt.nz/dashboard/reportingentity/scheme/?id=c75ca035-8a94-ee11-be37-00224892b34a&refentity=mbie_reportingentity&refid=8d6c5ca5-8394-ee11-be37-00224892b34a&refrel=mbie_Scheme_ReportingEntityId_mbie_Report,MILFORD FUNDS LIMITED,"Reporting Period
. sort descending
Actions
31-03-2024 - Due by 31-07-2024",31-03-2024 - Due by 31-07-2024,MILFORD INVESTMENT FUNDS (SCH10700),Have records but not submitted,Investment Scheme,31/03/2024,31/07/2024
232,https://crd-app.companiesoffice.govt.nz/dashboard/reportingentity/scheme/?id=c55ca035-8a94-ee11-be37-00224892b34a&refentity=mbie_reportingentity&refid=8d6c5ca5-8394-ee11-be37-00224892b34a&refrel=mbie_Scheme_ReportingEntityId_mbie_Report,MILFORD FUNDS LIMITED,"Reporting Period
. sort descending
Actions
31-03-2024 - Due by 31-07-2024",31-03-2024 - Due by 31-07-2024,MILFORD KIWISAVER PLAN (SCH10498),Have records but not submitted,Investment Scheme,31/03/2024,31/07/2024
233,https://crd-app.companiesoffice.govt.nz/dashboard/reportingentity/scheme/?id=c95ca035-8a94-ee11-be37-00224892b34a&refentity=mbie_reportingentity&refid=8f6c5ca5-8394-ee11-be37-00224892b34a&refrel=mbie_Scheme_ReportingEntityId_mbie_Report,NEW ZEALAND FUNDS MANAGEMENT LIMITED,"Reporting Period
. sort descending
Actions
31-03-2024 - Due by 31-07-2024",31-03-2024 - Due by 31-07-2024,NZ FUNDS KIWISAVER SCHEME (SCH10783),Have records but not submitted,Investment Scheme,31/03/2024,31/07/2024
234,https://crd-app.companiesoffice.govt.nz/dashboard/reportingentity/scheme/?id=cb5ca035-8a94-ee11-be37-00224892b34a&refentity=mbie_reportingentity&refid=8f6c5ca5-8394-ee11-be37-00224892b34a&refrel=mbie_Scheme_ReportingEntityId_mbie_Report,NEW ZEALAND FUNDS MANAGEMENT LIMITED,"Reporting Period
. sort descending
Actions
31-03-2024 - Due by 31-07-2024",31-03-2024 - Due by 31-07-2024,NZ FUNDS MANAGED PORTFOLIO SERVICE PART ONE (SCH10786),Have records but not submitted,Investment Scheme,31/03/2024,31/07/2024
235,https://crd-app.companiesoffice.govt.nz/dashboard/reportingentity/scheme/?id=cd5ca035-8a94-ee11-be37-00224892b34a&refentity=mbie_reportingentity&refid=8f6c5ca5-8394-ee11-be37-00224892b34a&refrel=mbie_Scheme_ReportingEntityId_mbie_Report,NEW ZEALAND FUNDS MANAGEMENT LIMITED,"Reporting Period
. sort descending
Actions
31-03-2024 - Due by 31-07-2024",31-03-2024 - Due by 31-07-2024,NZ FUNDS MANAGED PORTFOLIO SERVICE PART TWO (SCH10803),Have records but not submitted,Investment Scheme,31/03/2024,31/07/2024
236,https://crd-app.companiesoffice.govt.nz/dashboard/reportingentity/scheme/?id=cf5ca035-8a94-ee11-be37-00224892b34a&refentity=mbie_reportingentity&refid=8f6c5ca5-8394-ee11-be37-00224892b34a&refrel=mbie_Scheme_ReportingEntityId_mbie_Report,NEW ZEALAND FUNDS MANAGEMENT LIMITED,"Reporting Period
. sort descending
Actions
31-03-2024 - Due by 31-07-2024",31-03-2024 - Due by 31-07-2024,NZ FUNDS MANAGED SUPERANNUATION SERVICE (SCH11205),Have records but not submitted,Investment Scheme,31/03/2024,31/07/2024
237,https://crd-app.companiesoffice.govt.nz/dashboard/reportingentity/scheme/?id=d35ca035-8a94-ee11-be37-00224892b34a&refentity=mbie_reportingentity&refid=916c5ca5-8394-ee11-be37-00224892b34a&refrel=mbie_Scheme_ReportingEntityId_mbie_Report,NIKKO ASSET MANAGEMENT NEW ZEALAND LIMITED,"Reporting Period
. sort descending
Actions
31-03-2024 - Due by 31-07-2024",31-03-2024 - Due by 31-07-2024,NIKKO AM KIWISAVER SCHEME (SCH12354),Have records but not submitted,Investment Scheme,31/03/2024,31/07/2024
238,https://crd-app.companiesoffice.govt.nz/dashboard/reportingentity/scheme/?id=d15ca035-8a94-ee11-be37-00224892b34a&refentity=mbie_reportingentity&refid=916c5ca5-8394-ee11-be37-00224892b34a&refrel=mbie_Scheme_ReportingEntityId_mbie_Report,NIKKO ASSET MANAGEMENT NEW ZEALAND LIMITED,"Reporting Period
. sort descending
Actions
31-03-2024 - Due by 31-07-2024",31-03-2024 - Due by 31-07-2024,NIKKO AM NZ INVESTMENT SCHEME (SCH10488),Have records but not submitted,Investment Scheme,31/03/2024,31/07/2024
239,https://crd-app.companiesoffice.govt.nz/dashboard/reportingentity/scheme/?id=d55ca035-8a94-ee11-be37-00224892b34a&refentity=mbie_reportingentity&refid=936c5ca5-8394-ee11-be37-00224892b34a&refrel=mbie_Scheme_ReportingEntityId_mbie_Report,NORTHWEST HEALTHCARE PROPERTIES MANAGEMENT LIMITED,"Reporting Period
. sort descending
Actions
There are no records to display.",There are no records to display.,VITAL HEALTHCARE PROPERTY TRUST (SCH11214),No records,Investment Scheme,0,0
240,https://crd-app.companiesoffice.govt.nz/dashboard/reportingentity/scheme/?id=d95ca035-8a94-ee11-be37-00224892b34a&refentity=mbie_reportingentity&refid=956c5ca5-8394-ee11-be37-00224892b34a&refrel=mbie_Scheme_ReportingEntityId_mbie_Report,PIE FUNDS MANAGEMENT LIMITED,"Reporting Period
. sort descending
Actions
31-03-2024 - Due by 31-07-2024",31-03-2024 - Due by 31-07-2024,JUNO KIWISAVER SCHEME (SCH12451),Have records but not submitted,Investment Scheme,31/03/2024,31/07/2024
241,https://crd-app.companiesoffice.govt.nz/dashboard/reportingentity/scheme/?id=d75ca035-8a94-ee11-be37-00224892b34a&refentity=mbie_reportingentity&refid=956c5ca5-8394-ee11-be37-00224892b34a&refrel=mbie_Scheme_ReportingEntityId_mbie_Report,PIE FUNDS MANAGEMENT LIMITED,"Reporting Period
. sort descending
Actions
31-03-2024 - Due by 31-07-2024",31-03-2024 - Due by 31-07-2024,PIE FUNDS MANAGEMENT SCHEME (SCH10581),Have records but not submitted,Investment Scheme,31/03/2024,31/07/2024
242,https://crd-app.companiesoffice.govt.nz/dashboard/reportingentity/scheme/?id=dd5ca035-8a94-ee11-be37-00224892b34a&refentity=mbie_reportingentity&refid=976c5ca5-8394-ee11-be37-00224892b34a&refrel=mbie_Scheme_ReportingEntityId_mbie_Report,SIMPLICITY NZ LIMITED,"Reporting Period
. sort descending
Actions
31-03-2024 - Due by 31-07-2024",31-03-2024 - Due by 31-07-2024,SIMPLICITY INVESTMENT FUNDS (SCH11873),Have records but not submitted,Investment Scheme,31/03/2024,31/07/2024
243,https://crd-app.companiesoffice.govt.nz/dashboard/reportingentity/scheme/?id=db5ca035-8a94-ee11-be37-00224892b34a&refentity=mbie_reportingentity&refid=976c5ca5-8394-ee11-be37-00224892b34a&refrel=mbie_Scheme_ReportingEntityId_mbie_Report,SIMPLICITY NZ LIMITED,"Reporting Period
. sort descending
Actions
31-03-2024 - Due by 31-07-2024",31-03-2024 - Due by 31-07-2024,SIMPLICITY KIWISAVER SCHEME (SCH10736),Have records but not submitted,Investment Scheme,31/03/2024,31/07/2024
244,https://crd-app.companiesoffice.govt.nz/dashboard/reportingentity/scheme/?id=e75ca035-8a94-ee11-be37-00224892b34a&refentity=mbie_reportingentity&refid=996c5ca5-8394-ee11-be37-00224892b34a&refrel=mbie_Scheme_ReportingEntityId_mbie_Report,SMARTSHARES LIMITED,"Reporting Period
. sort descending
Actions
31-03-2024 - Due by 31-07-2024",31-03-2024 - Due by 31-07-2024,NZ CORE EQUITY TRUST (SCH10764),Have records but not submitted,Investment Scheme,31/03/2024,31/07/2024
245,https://crd-app.companiesoffice.govt.nz/dashboard/reportingentity/scheme/?id=df5ca035-8a94-ee11-be37-00224892b34a&refentity=mbie_reportingentity&refid=996c5ca5-8394-ee11-be37-00224892b34a&refrel=mbie_Scheme_ReportingEntityId_mbie_Report,SMARTSHARES LIMITED,"Reporting Period
. sort descending
Actions
31-03-2024 - Due by 31-07-2024",31-03-2024 - Due by 31-07-2024,QUAYSTREET FUNDS (SCH10414),Have records but not submitted,Investment Scheme,31/03/2024,31/07/2024
246,https://crd-app.companiesoffice.govt.nz/dashboard/reportingentity/scheme/?id=e15ca035-8a94-ee11-be37-00224892b34a&refentity=mbie_reportingentity&refid=996c5ca5-8394-ee11-be37-00224892b34a&refrel=mbie_Scheme_ReportingEntityId_mbie_Report,SMARTSHARES LIMITED,"Reporting Period
. sort descending
Actions
31-03-2024 - Due by 31-07-2024",31-03-2024 - Due by 31-07-2024,QUAYSTREET KIWISAVER SCHEME (SCH10663),Have records but not submitted,Investment Scheme,31/03/2024,31/07/2024
247,https://crd-app.companiesoffice.govt.nz/dashboard/reportingentity/scheme/?id=f15ca035-8a94-ee11-be37-00224892b34a&refentity=mbie_reportingentity&refid=996c5ca5-8394-ee11-be37-00224892b34a&refrel=mbie_Scheme_ReportingEntityId_mbie_Report,SMARTSHARES LIMITED,"Reporting Period
. sort descending
Actions
31-03-2024 - Due by 31-07-2024",31-03-2024 - Due by 31-07-2024,SELECT KIWISAVER SCHEME (SCH13004),Have records but not submitted,Investment Scheme,31/03/2024,31/07/2024
248,https://crd-app.companiesoffice.govt.nz/dashboard/reportingentity/scheme/?id=e55ca035-8a94-ee11-be37-00224892b34a&refentity=mbie_reportingentity&refid=996c5ca5-8394-ee11-be37-00224892b34a&refrel=mbie_Scheme_ReportingEntityId_mbie_Report,SMARTSHARES LIMITED,"Reporting Period
. sort descending
Actions
31-03-2024 - Due by 31-07-2024",31-03-2024 - Due by 31-07-2024,SMARTSHARES EXCHANGE TRADED FUNDS (SCH10752),Have records but not submitted,Investment Scheme,31/03/2024,31/07/2024
249,https://crd-app.companiesoffice.govt.nz/dashboard/reportingentity/scheme/?id=e95ca035-8a94-ee11-be37-00224892b34a&refentity=mbie_reportingentity&refid=996c5ca5-8394-ee11-be37-00224892b34a&refrel=mbie_Scheme_ReportingEntityId_mbie_Report,SMARTSHARES LIMITED,"Reporting Period
. sort descending
Actions
31-03-2024 - Due by 31-07-2024",31-03-2024 - Due by 31-07-2024,SUPERLIFE INVEST (SCH10765),Have records but not submitted,Investment Scheme,31/03/2024,31/07/2024
250,https://crd-app.companiesoffice.govt.nz/dashboard/reportingentity/scheme/?id=ed5ca035-8a94-ee11-be37-00224892b34a&refentity=mbie_reportingentity&refid=996c5ca5-8394-ee11-be37-00224892b34a&refrel=mbie_Scheme_ReportingEntityId_mbie_Report,SMARTSHARES LIMITED,"Reporting Period
. sort descending
Actions
31-03-2024 - Due by 31-07-2024",31-03-2024 - Due by 31-07-2024,SUPERLIFE KIWISAVER SCHEME (SCH10768),Have records but not submitted,Investment Scheme,31/03/2024,31/07/2024
251,https://crd-app.companiesoffice.govt.nz/dashboard/reportingentity/scheme/?id=e35ca035-8a94-ee11-be37-00224892b34a&refentity=mbie_reportingentity&refid=996c5ca5-8394-ee11-be37-00224892b34a&refrel=mbie_Scheme_ReportingEntityId_mbie_Report,SMARTSHARES LIMITED,"Reporting Period
. sort descending
Actions
31-03-2024 - Due by 31-07-2024",31-03-2024 - Due by 31-07-2024,SUPERLIFE SUPERANNUATION MASTER TRUST (SCH10688),Have records but not submitted,Investment Scheme,31/03/2024,31/07/2024
252,https://crd-app.companiesoffice.govt.nz/dashboard/reportingentity/scheme/?id=eb5ca035-8a94-ee11-be37-00224892b34a&refentity=mbie_reportingentity&refid=996c5ca5-8394-ee11-be37-00224892b34a&refrel=mbie_Scheme_ReportingEntityId_mbie_Report,SMARTSHARES LIMITED,"Reporting Period
. sort descending
Actions
31-03-2024 - Due by 31-07-2024",31-03-2024 - Due by 31-07-2024,SUPERLIFE UK PENSION TRANSFER SCHEME (SCH10767),Have records but not submitted,Investment Scheme,31/03/2024,31/07/2024
253,https://crd-app.companiesoffice.govt.nz/dashboard/reportingentity/scheme/?id=ef5ca035-8a94-ee11-be37-00224892b34a&refentity=mbie_reportingentity&refid=996c5ca5-8394-ee11-be37-00224892b34a&refrel=mbie_Scheme_ReportingEntityId_mbie_Report,SMARTSHARES LIMITED,"Reporting Period
. sort descending
Actions
31-03-2024 - Due by 31-07-2024",31-03-2024 - Due by 31-07-2024,SUPERLIFE WORKPLACE SAVINGS SCHEME (SCH10769),Have records but not submitted,Investment Scheme,31/03/2024,31/07/2024
